FeatureExtraction,DimReduction,Normalization,NumberComponents,Classifier,KFold01_Accuracy,KFold02_Accuracy,KFold03_Accuracy,KFold04_Accuracy,KFold05_Accuracy,KFold06_Accuracy,KFold07_Accuracy,KFold08_Accuracy,KFold09_Accuracy,KFold10_Accuracy,Accuracy_Mean,Accuracy_SD
Xception+ResNet50,Full,No,305152,PCC,0.7714,0.7429,0.7941,0.7941,0.7941,0.7941,0.8235,0.7941,0.6765,0.8235,0.7808,0.0412
Xception+ResNet50,Full,No,305152,J48,0.6857,0.7143,0.7941,0.8529,0.6176,0.6765,0.7647,0.8824,0.7647,0.7059,0.7459,0.0778
Xception+ResNet50,Full,No,305152,RBF,0.8857,0.9429,0.8824,0.8235,0.9412,0.9412,0.9118,0.9118,0.9412,0.8824,0.9064,0.0367
Xception+ResNet50,Full,No,305152,LinearSVM,0.8857,0.9143,0.9118,0.8824,0.9412,0.9706,0.9118,1,0.9118,0.9706,0.93,0.0371
Xception+ResNet50,Full,No,305152,MLP,0.8857,0.9143,0.9118,0.8529,0.9706,0.9118,0.8824,0.9118,0.8824,0.9706,0.9094,0.0357
Xception+ResNet50,Full,No,305152,Logistic,0.8857,0.9429,0.9118,0.8824,0.9706,0.9706,0.9118,1,0.9118,0.9706,0.9358,0.0386
Xception+ResNet50,Full,No,305152,RandomForest,0.8286,0.8286,0.8529,0.7941,0.9706,0.9118,0.9412,0.9118,0.9412,0.9412,0.8922,0.0578
Xception+ResNet50,Full,No,305152,Adaboost,0.7714,0.8286,0.9118,0.8824,0.9412,0.8529,0.9118,0.8235,0.9706,0.9412,0.8835,0.06
Xception+ResNet50,Full,No,305152,Gaussian,0.6571,0.7714,0.7941,0.5882,0.6765,0.6765,0.8529,0.7647,0.6765,0.6471,0.7105,0.077
VGG16+VGG19,Full,No,50176,PCC,0.5429,0.5714,0.5882,0.6176,0.7353,0.5588,0.7059,0.5294,0.6176,0.7353,0.6203,0.0743
VGG16+VGG19,Full,No,50176,J48,0.5714,0.7429,0.6471,0.7059,0.6471,0.6765,0.6765,0.7059,0.8529,0.8529,0.7079,0.0844
VGG16+VGG19,Full,No,50176,RBF,0.7714,0.8,0.8824,0.7647,0.7941,0.9118,0.8824,0.8824,0.9412,0.8824,0.8513,0.0595
VGG16+VGG19,Full,No,50176,LinearSVM,0.8857,0.8571,0.9706,0.8529,0.9118,0.8824,0.8824,0.9412,0.9412,0.9118,0.9037,0.0366
VGG16+VGG19,Full,No,50176,MLP,0.4286,0.9143,0.9412,0.5882,0.5,0.5294,0.8529,0.9118,0.6471,1,0.7313,0.2026
VGG16+VGG19,Full,No,50176,Logistic,0.8857,0.8571,0.9706,0.8529,0.9118,0.8824,0.8824,0.9412,0.9412,0.9118,0.9037,0.0366
VGG16+VGG19,Full,No,50176,RandomForest,0.8571,0.9143,0.8824,0.8235,0.8529,0.8529,0.8529,0.9118,0.9412,0.9412,0.883,0.0394
VGG16+VGG19,Full,No,50176,Adaboost,0.8,0.8286,0.8235,0.7941,0.7647,0.8235,0.7941,0.7059,0.8824,0.8824,0.8099,0.0497
VGG16+VGG19,Full,No,50176,Gaussian,0.7714,0.7429,0.6765,0.5294,0.7353,0.8235,0.5588,0.8235,0.7059,0.6765,0.7044,0.0942
Xception,Full,No,204800,PCC,0.7429,0.7429,0.7647,0.7647,0.6765,0.7353,0.7941,0.8235,0.7647,0.7647,0.7574,0.0366
Xception,Full,No,204800,J48,0.7714,0.6857,0.6471,0.6471,0.5882,0.7353,0.5588,0.7059,0.7059,0.7353,0.6781,0.0641
Xception,Full,No,204800,RBF,0.8286,0.8286,0.8824,0.8235,0.8824,0.9118,0.8529,0.8824,0.8824,0.8235,0.8598,0.0306
Xception,Full,No,204800,LinearSVM,0.8571,0.8571,0.9118,0.8824,0.9118,0.9412,0.9412,0.9118,0.8235,0.9118,0.895,0.0368
Xception,Full,No,204800,MLP,0.8857,0.9429,0.8529,0.8529,0.9412,0.9118,0.8529,0.8824,0.8235,0.9412,0.8887,0.0414
Xception,Full,No,204800,Logistic,0.8,0.8857,0.9118,0.8824,0.9118,0.9412,0.9118,0.9118,0.8235,0.9118,0.8892,0.0419
Xception,Full,No,204800,RandomForest,0.7714,0.8571,0.8529,0.7941,0.9118,0.9118,0.8529,0.8824,0.8235,0.9412,0.8599,0.0511
Xception,Full,No,204800,Adaboost,0.7143,0.8571,0.7941,0.8529,0.9412,0.8235,0.8824,0.7941,0.8235,0.7941,0.8277,0.058
Xception,Full,No,204800,Gaussian,0.7714,0.5143,0.7059,0.5882,0.6765,0.7353,0.7059,0.7353,0.7059,0.7647,0.6903,0.0765
VGG16,Full,No,25088,PCC,0.5714,0.5429,0.6471,0.5882,0.7059,0.6176,0.6176,0.6176,0.6765,0.7647,0.635,0.0627
VGG16,Full,No,25088,J48,0.6286,0.6286,0.8529,0.7059,0.8235,0.7647,0.5882,0.7941,0.8529,0.7059,0.7345,0.0927
VGG16,Full,No,25088,RBF,0.7714,0.8,0.8824,0.7647,0.8824,0.9118,0.8824,0.8529,0.9118,0.9118,0.8571,0.0548
VGG16,Full,No,25088,LinearSVM,0.9143,0.8571,0.9118,0.8529,0.9412,0.9118,0.8824,0.8824,0.9412,0.9118,0.9007,0.0295
VGG16,Full,No,25088,MLP,0.8571,0.8571,0.8529,0.8235,0.9412,0.9412,0.8529,0.8235,0.9706,0.9706,0.8891,0.0565
VGG16,Full,No,25088,Logistic,0.8857,0.8571,0.9118,0.8529,0.9412,0.9118,0.8824,0.8824,0.9412,0.9118,0.8978,0.0294
VGG16,Full,No,25088,RandomForest,0.7429,0.8857,0.8529,0.8235,0.8529,0.8529,0.7941,0.9706,0.9706,0.9412,0.8687,0.0711
VGG16,Full,No,25088,Adaboost,0.7429,0.8,0.8529,0.7647,0.8235,0.8235,0.9118,0.9118,0.8529,0.9118,0.8396,0.0575
VGG16,Full,No,25088,Gaussian,0.7429,0.7429,0.7059,0.5,0.7941,0.7941,0.6471,0.8235,0.6765,0.6765,0.7103,0.0892
VGG19,Full,No,25088,PCC,0.5143,0.4857,0.6176,0.5,0.7059,0.5882,0.6471,0.5882,0.5588,0.5882,0.5794,0.0648
VGG19,Full,No,25088,J48,0.6857,0.8286,0.7941,0.6471,0.6765,0.8235,0.7941,0.7647,0.8824,0.8824,0.7779,0.0794
VGG19,Full,No,25088,RBF,0.7429,0.8286,0.9118,0.7941,0.7941,0.8824,0.8824,0.8824,0.9118,0.8529,0.8483,0.0538
VGG19,Full,No,25088,LinearSVM,0.8571,0.8571,0.9412,0.8235,0.9118,0.8824,0.8824,0.9412,0.9412,0.8824,0.892,0.0388
VGG19,Full,No,25088,MLP,0.8571,0.8857,0.9118,0.8235,0.8824,0.9412,0.8529,0.8529,0.9118,0.9412,0.8861,0.0379
VGG19,Full,No,25088,Logistic,0.8571,0.8571,0.9412,0.7941,0.9118,0.8824,0.8824,0.9412,0.9412,0.9412,0.895,0.0471
VGG19,Full,No,25088,RandomForest,0.8,0.8857,0.9118,0.8529,0.7059,0.9118,0.9118,0.8824,0.9706,0.8824,0.8715,0.0693
VGG19,Full,No,25088,Adaboost,0.7714,0.8857,0.8824,0.7647,0.8529,0.8824,0.8529,0.8824,0.9706,0.8529,0.8598,0.0561
VGG19,Full,No,25088,Gaussian,0.7714,0.7143,0.6176,0.5882,0.6765,0.7353,0.6471,0.8235,0.7059,0.5882,0.6868,0.0743
ResNet50,Full,No,100352,PCC,0.7143,0.6,0.7353,0.7647,0.7941,0.7353,0.8529,0.8529,0.7059,0.8235,0.7579,0.0737
ResNet50,Full,No,100352,J48,0.6857,0.8571,0.8235,0.7941,0.7353,0.7059,0.7941,0.8824,0.8235,0.6471,0.7749,0.0738
ResNet50,Full,No,100352,RBF,0.9143,0.9143,0.8529,0.8235,0.9412,0.9706,0.8235,0.9412,0.9118,0.8824,0.8976,0.048
ResNet50,Full,No,100352,LinearSVM,0.8857,0.9429,0.9118,0.8824,0.9706,0.9706,0.9118,1,0.9118,0.9706,0.9358,0.0386
ResNet50,Full,No,100352,MLP,0.9143,0.9714,0.9118,0.8235,0.9706,0.8824,0.8824,0.9118,0.9412,0.9118,0.9121,0.0417
ResNet50,Full,No,100352,Logistic,0.8857,0.9429,0.9118,0.8529,0.9706,0.9706,0.9118,1,0.9412,0.9706,0.9358,0.0428
ResNet50,Full,No,100352,RandomForest,0.8571,0.8571,0.9118,0.8529,0.9412,0.9118,0.9118,0.9706,0.8824,0.8529,0.895,0.0391
ResNet50,Full,No,100352,Adaboost,0.8286,0.8571,0.9118,0.8824,0.9706,0.8529,0.8529,0.9412,0.9118,0.8529,0.8862,0.0435
ResNet50,Full,No,100352,Gaussian,0.6857,0.7714,0.7647,0.6176,0.6765,0.6765,0.8529,0.6765,0.6471,0.6765,0.7045,0.0667
ResNet101,Full,No,100352,PCC,0.6286,0.6,0.6471,0.7353,0.7647,0.7353,0.7647,0.7647,0.6471,0.7941,0.7082,0.0663
ResNet101,Full,No,100352,J48,0.7143,0.8286,0.6765,0.7647,0.7941,0.7647,0.7647,0.7353,0.8529,0.8235,0.7719,0.0518
ResNet101,Full,No,100352,RBF,0.8286,0.9143,0.9118,0.7941,0.9118,0.9118,0.9118,0.9412,0.9118,0.8529,0.889,0.0446
ResNet101,Full,No,100352,LinearSVM,0.8571,0.8857,0.9706,0.8824,0.9118,0.9118,0.9118,0.9706,0.9412,0.9412,0.9184,0.0357
ResNet101,Full,No,100352,MLP,0.7143,0.8857,0.9412,0.7647,0.8529,0.9412,0.9412,0.9706,0.9412,0.8529,0.8806,0.0809
ResNet101,Full,No,100352,Logistic,0.8571,0.8857,0.9706,0.8824,0.9118,0.9118,0.9118,0.9706,0.9412,0.9412,0.9184,0.0357
ResNet101,Full,No,100352,RandomForest,0.8,0.8571,0.8824,0.8529,0.9118,0.9412,0.9412,0.9412,0.9412,0.8824,0.8951,0.0462
ResNet101,Full,No,100352,Adaboost,0.8286,0.7714,0.8235,0.7941,0.8529,0.7647,0.8824,0.9118,0.9412,0.8824,0.8453,0.0563
ResNet101,Full,No,100352,Gaussian,0.6286,0.7429,0.7059,0.5294,0.5588,0.5,0.7353,0.6765,0.7647,0.7059,0.6548,0.0903
ResNet152,Full,No,100352,PCC,0.6857,0.5429,0.7059,0.7647,0.7059,0.7941,0.7647,0.5882,0.7941,0.8235,0.717,0.0871
ResNet152,Full,No,100352,J48,0.7714,0.7429,0.7647,0.7647,0.7647,0.8235,0.9118,0.9412,0.8529,0.8529,0.8191,0.0654
ResNet152,Full,No,100352,RBF,0.8571,0.8857,0.8529,0.7941,0.9412,0.9412,0.8824,0.8824,0.9412,0.8824,0.8861,0.0442
ResNet152,Full,No,100352,LinearSVM,0.8571,0.9143,0.9706,0.8529,0.9706,0.9118,0.9706,0.9412,0.9118,0.9412,0.9242,0.0412
ResNet152,Full,No,100352,MLP,0.8571,0.9143,0.9412,0.7353,0.9118,0.8529,0.8824,0.9118,0.9412,0.8824,0.883,0.0573
ResNet152,Full,No,100352,Logistic,0.8571,0.8857,0.9706,0.8529,0.9412,0.9412,0.9706,0.9412,0.9118,0.9412,0.9213,0.0407
ResNet152,Full,No,100352,RandomForest,0.8571,0.8571,0.9118,0.8235,0.8824,0.9118,0.9412,0.8824,0.9118,0.9412,0.892,0.0365
ResNet152,Full,No,100352,Adaboost,0.8571,0.8571,0.8529,0.8529,0.8235,0.9412,0.9118,0.8529,0.8235,0.9118,0.8685,0.0375
ResNet152,Full,No,100352,Gaussian,0.6571,0.8286,0.6471,0.3824,0.7059,0.6471,0.6176,0.6471,0.6176,0.6176,0.6368,0.104
ResNet50V2,Full,No,100352,PCC,0.5714,0.5143,0.5882,0.6471,0.6765,0.7059,0.5882,0.5882,0.6765,0.7059,0.6262,0.0617
ResNet50V2,Full,No,100352,J48,0.7714,0.7143,0.7647,0.7353,0.7647,0.6176,0.7059,0.8529,0.6471,0.8235,0.7397,0.0688
ResNet50V2,Full,No,100352,RBF,0.9143,0.8571,0.9118,0.8235,0.9118,0.9118,0.8235,0.8824,0.8824,0.8824,0.8801,0.0333
ResNet50V2,Full,No,100352,LinearSVM,0.8571,0.8857,0.8824,0.8824,0.9118,0.9118,0.8529,0.9118,0.9118,0.9412,0.8949,0.0262
ResNet50V2,Full,No,100352,MLP,0.8286,0.8571,0.9412,0.8529,0.9118,0.8529,0.9118,0.9118,0.9118,0.8824,0.8862,0.0347
ResNet50V2,Full,No,100352,Logistic,0.8571,0.8857,0.8824,0.8824,0.8824,0.8824,0.8824,0.9118,0.9118,0.9118,0.889,0.0167
ResNet50V2,Full,No,100352,RandomForest,0.8286,0.8857,0.8824,0.8529,0.8529,0.8824,0.9412,0.9412,0.9118,0.9118,0.8891,0.0358
ResNet50V2,Full,No,100352,Adaboost,0.8571,0.8571,0.8235,0.7647,0.7647,0.8529,0.7941,0.9118,0.8529,0.8529,0.8332,0.0441
ResNet50V2,Full,No,100352,Gaussian,0.7714,0.8571,0.8235,0.6765,0.7941,0.7353,0.7941,0.7647,0.7941,0.7941,0.7805,0.0465
ResNet101V2,Full,No,100352,PCC,0.7429,0.5714,0.7059,0.7353,0.8529,0.6471,0.7353,0.6176,0.6765,0.6765,0.6961,0.074
ResNet101V2,Full,No,100352,J48,0.8857,0.7429,0.8235,0.7647,0.7647,0.7059,0.7647,0.7353,0.6765,0.7941,0.7658,0.0562
ResNet101V2,Full,No,100352,RBF,0.8857,0.9143,0.8529,0.8235,0.8824,0.8824,0.8529,0.8529,0.9412,1,0.8888,0.049
ResNet101V2,Full,No,100352,LinearSVM,0.9143,0.8857,0.8824,0.8824,0.9412,0.9412,0.9412,0.9118,0.9412,1,0.9241,0.0348
ResNet101V2,Full,No,100352,MLP,0.9143,0.8571,0.8529,0.8824,0.9706,0.9118,0.9412,0.9118,0.9118,0.8824,0.9036,0.0344
ResNet101V2,Full,No,100352,Logistic,0.9143,0.8857,0.8824,0.8824,0.9412,0.9412,0.9412,0.9412,0.9706,1,0.93,0.0371
ResNet101V2,Full,No,100352,RandomForest,0.9429,0.9429,0.8824,0.8529,0.8824,0.8529,0.8824,0.9118,0.9412,0.9412,0.9033,0.0353
ResNet101V2,Full,No,100352,Adaboost,0.8857,0.7429,0.9118,0.9118,0.8824,0.8235,0.9118,0.8529,0.8529,0.8824,0.8658,0.0495
ResNet101V2,Full,No,100352,Gaussian,0.7714,0.7714,0.8235,0.4706,0.6176,0.7353,0.7059,0.7647,0.7059,0.6471,0.7013,0.0965
ResNet152V2,Full,No,100352,PCC,0.6,0.6286,0.6471,0.6471,0.6765,0.6471,0.6765,0.6765,0.6471,0.6176,0.6464,0.0245
ResNet152V2,Full,No,100352,J48,0.5714,0.6571,0.7059,0.7059,0.6471,0.6765,0.7647,0.7353,0.8529,0.8529,0.717,0.0843
ResNet152V2,Full,No,100352,RBF,0.8571,0.8857,0.8824,0.8235,0.8824,0.8529,0.7941,0.9412,0.9118,0.9412,0.8772,0.045
ResNet152V2,Full,No,100352,LinearSVM,0.8286,0.8857,0.9706,0.9118,0.9412,0.8529,0.8824,0.9706,0.9412,0.9412,0.9126,0.0463
ResNet152V2,Full,No,100352,MLP,0.8857,0.8857,0.8824,0.8235,0.9412,0.8529,0.9412,0.9412,0.9412,0.9118,0.9007,0.0396
ResNet152V2,Full,No,100352,Logistic,0.8286,0.9143,0.9706,0.9118,0.9412,0.8529,0.8824,0.9706,0.9412,0.9412,0.9155,0.0454
ResNet152V2,Full,No,100352,RandomForest,0.8571,0.8286,0.8529,0.8529,0.8824,0.7647,0.8824,0.9412,0.9118,0.8824,0.8656,0.0454
ResNet152V2,Full,No,100352,Adaboost,0.8,0.7429,0.7647,0.8235,0.7941,0.8824,0.7647,0.9706,0.9118,0.8235,0.8278,0.0689
ResNet152V2,Full,No,100352,Gaussian,0.7429,0.8571,0.7059,0.5294,0.7353,0.7647,0.7059,0.8235,0.6765,0.7353,0.7276,0.084
InceptionV3,Full,No,131072,PCC,0.7143,0.7429,0.7059,0.7647,0.7647,0.7941,0.7353,0.7353,0.7353,0.8529,0.7545,0.0409
InceptionV3,Full,No,131072,J48,0.6571,0.6286,0.6471,0.6765,0.7647,0.6471,0.6176,0.5882,0.6176,0.6176,0.6462,0.046
InceptionV3,Full,No,131072,RBF,0.8286,0.9143,0.8824,0.7941,0.8824,0.9118,0.7353,0.9118,0.9118,0.9118,0.8684,0.059
InceptionV3,Full,No,131072,LinearSVM,0.8286,0.9143,0.9706,0.8529,0.8824,0.8824,0.8824,0.9706,0.9118,0.9412,0.9037,0.0449
InceptionV3,Full,No,131072,MLP,0.8571,0.3429,0.8824,0.8235,0.9118,0.7941,0.8235,0.5294,0.9412,0.9706,0.7876,0.188
InceptionV3,Full,No,131072,Logistic,0.8,0.9429,0.9412,0.8529,0.8824,0.8824,0.8824,0.9706,0.9118,0.9412,0.9008,0.0485
InceptionV3,Full,No,131072,RandomForest,0.8,0.8571,0.8824,0.8529,0.8235,0.8235,0.8529,0.9118,0.8824,0.8529,0.8539,0.0312
InceptionV3,Full,No,131072,Adaboost,0.8286,0.8,0.8235,0.7353,0.7941,0.8235,0.9118,0.8824,0.8824,0.8529,0.8334,0.0488
InceptionV3,Full,No,131072,Gaussian,0.6,0.7143,0.7059,0.7647,0.7647,0.7941,0.7941,0.8235,0.8529,0.8529,0.7667,0.0734
InceptionResNetV2,Full,No,98304,PCC,0.8286,0.9143,0.7059,0.7941,0.8824,0.8235,0.7353,0.8529,0.7941,0.8824,0.8213,0.0627
InceptionResNetV2,Full,No,98304,J48,0.8,0.6857,0.7647,0.7647,0.7059,0.8529,0.7941,0.6471,0.7647,0.7941,0.7574,0.0581
InceptionResNetV2,Full,No,98304,RBF,0.8,0.9714,0.8529,0.8235,0.9118,0.9412,0.8529,0.9118,0.8824,0.9412,0.8889,0.053
InceptionResNetV2,Full,No,98304,LinearSVM,0.8,0.9143,0.9118,0.8824,0.9118,0.9706,0.8824,0.9118,0.9118,0.9412,0.9038,0.0423
InceptionResNetV2,Full,No,98304,MLP,0.8286,0.9429,0.8824,0.8529,0.9118,0.9706,0.8529,0.9412,0.9118,0.9118,0.9007,0.0433
InceptionResNetV2,Full,No,98304,Logistic,0.8,0.9143,0.9118,0.8529,0.9118,0.9706,0.8824,0.9412,0.9118,0.9706,0.9067,0.0493
InceptionResNetV2,Full,No,98304,RandomForest,0.7714,0.8571,0.8235,0.8824,0.8235,0.9412,0.8824,0.9118,0.8235,0.9706,0.8687,0.0579
InceptionResNetV2,Full,No,98304,Adaboost,0.8286,0.9143,0.8235,0.8824,0.7941,0.9118,0.8529,0.9412,0.8529,0.8235,0.8625,0.0455
InceptionResNetV2,Full,No,98304,Gaussian,0.7714,0.7714,0.7059,0.7647,0.7941,0.8824,0.8529,0.8824,0.7647,0.9118,0.8102,0.0639
MobileNet,Full,No,50176,PCC,0.7143,0.6857,0.6765,0.8235,0.8235,0.7647,0.5882,0.6765,0.7059,0.7941,0.7253,0.0716
MobileNet,Full,No,50176,J48,0.7714,0.8,0.7059,0.7353,0.7647,0.7941,0.7647,0.7647,0.7941,0.8529,0.7748,0.0376
MobileNet,Full,No,50176,RBF,0.9143,0.9429,0.9118,0.7941,0.8529,0.9118,0.8824,0.9118,0.9118,1,0.9034,0.0512
MobileNet,Full,No,50176,LinearSVM,0.8857,0.9714,0.9412,0.8529,0.9118,0.9412,0.8529,0.9706,0.9412,1,0.9269,0.0477
MobileNet,Full,No,50176,MLP,0.8571,0.9429,0.9118,0.8824,0.9118,0.8529,0.7941,0.9118,0.9118,0.9706,0.8947,0.0476
MobileNet,Full,No,50176,Logistic,0.8857,0.9714,0.9412,0.8529,0.9118,0.9412,0.8824,0.9706,0.9412,1,0.9298,0.0437
MobileNet,Full,No,50176,RandomForest,0.8571,0.9143,0.9118,0.8529,0.8529,0.8824,0.8235,0.9706,0.8824,1,0.8948,0.0527
MobileNet,Full,No,50176,Adaboost,0.7429,0.9143,0.8235,0.8824,0.8529,0.9412,0.8824,0.9412,0.8824,0.8824,0.8745,0.0558
MobileNet,Full,No,50176,Gaussian,0.6857,0.7714,0.7647,0.6471,0.7353,0.7941,0.6471,0.8235,0.6765,0.8235,0.7369,0.0653
DenseNet121,Full,No,50176,PCC,0.7429,0.6571,0.7647,0.7059,0.7353,0.8529,0.7647,0.7647,0.6471,0.9412,0.7576,0.0829
DenseNet121,Full,No,50176,J48,0.7714,0.8,0.7059,0.7647,0.7353,0.8235,0.8235,0.7647,0.7059,0.7941,0.7689,0.0408
DenseNet121,Full,No,50176,RBF,0.8571,0.9143,0.9118,0.7941,0.9118,0.9706,0.8824,0.9412,0.9412,0.9118,0.9036,0.0471
DenseNet121,Full,No,50176,LinearSVM,0.9143,0.8571,0.9706,0.8824,0.9118,0.9706,0.9706,0.8824,0.9706,0.9118,0.9242,0.0412
DenseNet121,Full,No,50176,MLP,0.8286,0.8571,0.9706,0.7941,0.9706,0.9118,0.9412,0.9706,0.9412,0.9118,0.9097,0.0598
DenseNet121,Full,No,50176,Logistic,0.8857,0.8286,0.9412,0.8529,0.9118,0.9706,0.9706,0.8824,0.9706,0.9118,0.9126,0.0481
DenseNet121,Full,No,50176,RandomForest,0.7714,0.8571,0.9412,0.8235,0.9118,0.8529,0.9412,0.9706,0.9118,0.9412,0.8923,0.0601
DenseNet121,Full,No,50176,Adaboost,0.8571,0.7714,0.8529,0.8824,0.9118,0.8824,0.9118,0.9118,0.9706,0.9118,0.8864,0.0499
DenseNet121,Full,No,50176,Gaussian,0.8286,0.7714,0.9412,0.7647,0.7941,0.8529,0.8235,0.8824,0.8824,0.8824,0.8424,0.0535
DenseNet169,Full,No,81536,PCC,0.7714,0.7429,0.7059,0.8235,0.8235,0.8235,0.7941,0.8529,0.7647,0.7941,0.7897,0.042
DenseNet169,Full,No,81536,J48,0.7714,0.7429,0.7647,0.7647,0.6176,0.7647,0.7941,0.8235,0.7353,0.7059,0.7485,0.0531
DenseNet169,Full,No,81536,RBF,0.9429,0.9429,0.9118,0.8235,0.8824,0.8824,0.8235,0.9118,0.9706,0.9118,0.9003,0.0462
DenseNet169,Full,No,81536,LinearSVM,0.9714,0.8286,0.9706,0.8529,0.8824,0.9118,0.8824,0.9118,0.9412,0.9412,0.9094,0.0456
DenseNet169,Full,No,81536,MLP,0.9143,0.9429,0.9412,0.8824,0.8824,0.9118,0.8824,0.8529,0.9412,0.9118,0.9063,0.0291
DenseNet169,Full,No,81536,Logistic,0.9714,0.8286,0.9412,0.8529,0.8529,0.9118,0.8824,0.9412,0.9706,0.9412,0.9094,0.0493
DenseNet169,Full,No,81536,RandomForest,0.9143,0.9429,0.9118,0.8529,0.8529,0.9706,0.8529,0.8824,0.8529,0.9118,0.8945,0.0402
DenseNet169,Full,No,81536,Adaboost,0.8857,0.8857,0.8529,0.8529,0.8824,0.8824,0.8824,0.9118,0.9706,0.9118,0.8918,0.0322
DenseNet169,Full,No,81536,Gaussian,0.7429,0.8857,0.7647,0.7353,0.7647,0.8824,0.8235,0.8824,0.9118,0.8529,0.8246,0.0637
DenseNet201,Full,No,94080,PCC,0.6571,0.7429,0.7647,0.7353,0.7353,0.8235,0.7647,0.8529,0.6765,0.7647,0.7518,0.0558
DenseNet201,Full,No,94080,J48,0.7714,0.7143,0.7647,0.6765,0.7647,0.7941,0.7647,0.8235,0.8529,0.8235,0.775,0.0499
DenseNet201,Full,No,94080,RBF,0.7714,0.9143,0.8824,0.7941,0.9118,0.9412,0.8529,0.9118,0.9412,0.9412,0.8862,0.0583
DenseNet201,Full,No,94080,LinearSVM,0.8286,0.8857,0.9706,0.8824,0.9706,0.9118,0.8824,0.9118,0.9706,0.9706,0.9185,0.0477
DenseNet201,Full,No,94080,MLP,0.8571,0.8571,0.9412,0.8529,0.8824,0.8529,0.8824,0.9706,0.9706,0.9706,0.9038,0.0502
DenseNet201,Full,No,94080,Logistic,0.8,0.9429,0.9706,0.8235,0.9706,0.9118,0.8824,0.9118,0.9706,0.9706,0.9155,0.0598
DenseNet201,Full,No,94080,RandomForest,0.8,0.9143,0.9412,0.8824,0.8824,0.9118,0.9706,0.9412,0.9412,0.9412,0.9126,0.046
DenseNet201,Full,No,94080,Adaboost,0.8571,0.8857,0.9118,0.8529,0.9118,0.9118,0.8824,0.8824,0.9706,0.9412,0.9008,0.0346
DenseNet201,Full,No,94080,Gaussian,0.8,0.9143,0.7941,0.7353,0.7941,0.8824,0.8529,0.9412,0.8824,0.9412,0.8538,0.0668
NASNetMobile,Full,No,51744,PCC,0.7714,0.6571,0.6176,0.6765,0.7059,0.6176,0.6176,0.6176,0.6176,0.7941,0.6693,0.0639
NASNetMobile,Full,No,51744,J48,0.6857,0.6,0.8529,0.5882,0.5882,0.6471,0.5882,0.6471,0.6765,0.6471,0.6521,0.0756
NASNetMobile,Full,No,51744,RBF,0.8857,0.6571,0.6471,0.6471,0.7353,0.6176,0.5882,0.7059,0.7353,0.7941,0.7013,0.0852
NASNetMobile,Full,No,51744,LinearSVM,0.6857,0.6857,0.8529,0.7353,0.6176,0.6176,0.6765,0.7941,0.7059,0.7941,0.7166,0.0736
NASNetMobile,Full,No,51744,MLP,0.8,0.6857,0.8529,0.7353,0.5,0.6471,0.5,0.5294,0.6471,0.5588,0.6456,0.1183
NASNetMobile,Full,No,51744,Logistic,0.7429,0.6857,0.8824,0.7353,0.6765,0.6176,0.6471,0.7941,0.7647,0.8235,0.737,0.0783
NASNetMobile,Full,No,51744,RandomForest,0.8,0.7714,0.7647,0.7059,0.7059,0.6765,0.6471,0.6471,0.7353,0.8235,0.7277,0.0586
NASNetMobile,Full,No,51744,Adaboost,0.7143,0.7429,0.7353,0.7353,0.7353,0.6765,0.6471,0.7059,0.5882,0.8235,0.7104,0.0599
NASNetMobile,Full,No,51744,Gaussian,0.5429,0.6857,0.5294,0.6176,0.6765,0.5294,0.5,0.6765,0.7941,0.5882,0.614,0.0886
MobileNetV2,Full,No,62720,PCC,0.6857,0.8,0.8235,0.7059,0.7941,0.7647,0.7941,0.8529,0.6765,0.8235,0.7721,0.0588
MobileNetV2,Full,No,62720,J48,0.6,0.7714,0.8235,0.7647,0.8235,0.8235,0.7059,0.8824,0.9118,0.7647,0.7871,0.0845
MobileNetV2,Full,No,62720,RBF,0.8857,0.9143,0.9118,0.8235,0.9118,0.9118,0.8529,0.9706,0.9706,0.9118,0.9065,0.0431
MobileNetV2,Full,No,62720,LinearSVM,0.9143,0.9429,1,0.8235,0.9706,0.9118,0.9706,0.9706,0.9412,0.9118,0.9357,0.047
MobileNetV2,Full,No,62720,MLP,0.8857,0.9714,0.9412,0.8235,0.9118,0.9118,0.9412,0.9412,0.9412,0.9118,0.9181,0.0388
MobileNetV2,Full,No,62720,Logistic,0.9143,0.9143,1,0.8529,0.9412,0.9118,0.9706,0.9706,0.9412,0.9118,0.9329,0.0393
MobileNetV2,Full,No,62720,RandomForest,0.8857,0.8286,0.9118,0.7353,0.9118,0.8824,0.8824,0.9706,0.9118,0.8529,0.8773,0.0596
MobileNetV2,Full,No,62720,Adaboost,0.8571,0.8571,0.9706,0.9118,0.9118,0.9118,0.8529,0.9412,0.9118,0.8235,0.895,0.0433
MobileNetV2,Full,No,62720,Gaussian,0.7143,0.6857,0.7647,0.5882,0.7647,0.7353,0.5882,0.9118,0.5294,0.7059,0.6988,0.1044
EfficientNetB0,Full,No,62720,PCC,0.6,0.6571,0.7941,0.7353,0.7353,0.7941,0.7941,0.7647,0.7059,0.7059,0.7287,0.0608
EfficientNetB0,Full,No,62720,J48,0.7429,0.6571,0.7647,0.6176,0.6765,0.5588,0.8235,0.7647,0.8235,0.8824,0.7312,0.0966
EfficientNetB0,Full,No,62720,RBF,0.8,0.9143,0.8529,0.8824,0.8529,0.8824,0.8529,0.9118,0.9412,0.9118,0.8803,0.0394
EfficientNetB0,Full,No,62720,LinearSVM,0.9143,0.8571,0.9118,0.9118,0.9118,0.9412,0.9118,0.9706,0.9412,0.9412,0.9213,0.0285
EfficientNetB0,Full,No,62720,MLP,0.8571,0.9143,0.9412,0.8529,0.9412,0.8529,0.8529,0.9706,0.9118,0.9118,0.9007,0.0416
EfficientNetB0,Full,No,62720,Logistic,0.8857,0.8571,0.9118,0.9118,0.9118,0.9412,0.9118,0.9706,0.9412,0.9118,0.9155,0.0295
EfficientNetB0,Full,No,62720,RandomForest,0.8857,0.8857,0.8529,0.8824,0.9118,0.9118,0.8824,0.9118,0.9118,0.9118,0.8948,0.0191
EfficientNetB0,Full,No,62720,Adaboost,0.8857,0.7429,0.8235,0.8824,0.9706,0.8824,0.9412,0.8235,0.8824,0.7941,0.8629,0.0645
EfficientNetB0,Full,No,62720,Gaussian,0.8286,0.8571,0.8235,0.7353,0.7059,0.8235,0.7059,0.8235,0.9118,0.7941,0.8009,0.0634
EfficientNetB1,Full,No,81920,PCC,0.8,0.8571,0.8529,0.7941,0.8235,0.9118,0.8235,0.9118,0.8824,0.7647,0.8422,0.0474
EfficientNetB1,Full,No,81920,J48,0.8,0.8,0.7353,0.8529,0.7353,0.6471,0.6765,0.7941,0.7059,0.8235,0.7571,0.0639
EfficientNetB1,Full,No,81920,RBF,0.8571,0.9429,0.9118,0.7941,0.9412,0.9412,0.8824,0.9118,0.9412,0.8824,0.9006,0.0457
EfficientNetB1,Full,No,81920,LinearSVM,0.9143,0.9143,0.9412,0.8529,0.9412,0.9706,0.9412,0.9118,0.9706,0.9118,0.927,0.0327
EfficientNetB1,Full,No,81920,MLP,0.8857,0.9143,0.8824,0.7647,0.9706,0.9412,0.8824,0.9412,0.9412,0.8824,0.9006,0.0545
EfficientNetB1,Full,No,81920,Logistic,0.9143,0.9143,0.9118,0.8235,0.9412,0.9706,0.9412,0.9118,0.9412,0.9118,0.9182,0.0367
EfficientNetB1,Full,No,81920,RandomForest,0.9143,0.9143,0.8824,0.8235,0.8529,0.8824,0.9412,0.9118,0.9412,0.8824,0.8946,0.0356
EfficientNetB1,Full,No,81920,Adaboost,0.8,0.9429,0.8235,0.8824,0.9706,0.9412,0.8824,1,0.9706,0.8529,0.9066,0.0646
EfficientNetB1,Full,No,81920,Gaussian,0.8,0.8571,0.7941,0.7353,0.7647,0.8824,0.7647,0.9118,0.8824,0.8235,0.8216,0.0565
EfficientNetB2,Full,No,114048,PCC,0.7714,0.8286,0.6765,0.7059,0.7941,0.7647,0.7647,0.8824,0.7353,0.7941,0.7718,0.056
EfficientNetB2,Full,No,114048,J48,0.6857,0.6571,0.6471,0.7647,0.7941,0.8529,0.6765,0.7941,0.7647,0.7941,0.7431,0.0672
EfficientNetB2,Full,No,114048,RBF,0.8857,0.8857,0.8529,0.8235,0.9118,0.9118,0.8529,0.8529,0.9118,0.8824,0.8771,0.029
EfficientNetB2,Full,No,114048,LinearSVM,0.9143,0.9143,0.9706,0.8824,0.9706,0.9706,0.9412,0.9118,0.9412,0.9412,0.9358,0.0284
EfficientNetB2,Full,No,114048,MLP,0.8286,0.8857,0.9118,0.7941,0.9412,0.8824,0.9118,0.8824,0.9118,0.8824,0.8832,0.0409
EfficientNetB2,Full,No,114048,Logistic,0.9143,0.9143,0.9412,0.8529,0.9706,0.9706,0.9412,0.9118,0.9412,0.9118,0.927,0.0327
EfficientNetB2,Full,No,114048,RandomForest,0.8571,0.8571,0.8824,0.7647,0.8529,0.8529,0.8824,0.8824,0.9412,0.8235,0.8597,0.0431
EfficientNetB2,Full,No,114048,Adaboost,0.8286,0.8857,0.7353,0.8529,0.8235,0.8824,0.8235,0.8529,0.9412,0.8529,0.8479,0.0506
EfficientNetB2,Full,No,114048,Gaussian,0.8286,0.8,0.7647,0.7059,0.7647,0.7647,0.7941,0.8824,0.9118,0.7353,0.7952,0.0606
EfficientNetB3,Full,No,153600,PCC,0.7714,0.7714,0.7647,0.8529,0.8529,0.8529,0.7941,0.8235,0.8824,0.7941,0.8161,0.0401
EfficientNetB3,Full,No,153600,J48,0.7429,0.8,0.7647,0.7941,0.7353,0.7647,0.7941,0.8529,0.7353,0.7647,0.7749,0.0345
EfficientNetB3,Full,No,153600,RBF,0.7714,0.9143,0.8529,0.8824,0.9412,0.9118,0.8529,0.9118,0.9706,0.8824,0.8892,0.0525
EfficientNetB3,Full,No,153600,LinearSVM,0.9143,0.9429,0.9412,0.8824,0.9412,0.9412,0.9118,0.9412,0.9706,0.9118,0.9298,0.0234
EfficientNetB3,Full,No,153600,MLP,0.8,0.9143,0.8824,0.8529,0.9412,0.9118,0.8529,0.9412,0.9412,0.9118,0.895,0.0448
EfficientNetB3,Full,No,153600,Logistic,0.8857,0.9429,0.9412,0.8824,0.9706,0.9412,0.8824,0.9412,0.9706,0.9118,0.927,0.0325
EfficientNetB3,Full,No,153600,RandomForest,0.8286,0.9143,0.9706,0.7647,0.9118,0.8824,0.8529,0.8824,0.9118,0.8529,0.8772,0.0536
EfficientNetB3,Full,No,153600,Adaboost,0.8,0.8857,0.9118,0.8529,0.9412,0.7941,0.9118,0.8529,0.9118,0.8824,0.8745,0.0466
EfficientNetB3,Full,No,153600,Gaussian,0.7714,0.8857,0.7941,0.7059,0.7059,0.8529,0.7647,0.8824,0.8824,0.7941,0.8039,0.0659
EfficientNetB4,Full,No,258048,PCC,0.6286,0.7429,0.7059,0.7647,0.7941,0.8529,0.8529,0.8235,0.7647,0.7647,0.7695,0.0649
EfficientNetB4,Full,No,258048,J48,0.6857,0.8857,0.8235,0.6765,0.7941,0.8529,0.6176,0.7059,0.8529,0.8529,0.7748,0.0897
EfficientNetB4,Full,No,258048,RBF,0.7143,0.8857,0.9118,0.7647,0.9412,0.9118,0.8235,0.8824,0.9118,0.9412,0.8688,0.073
EfficientNetB4,Full,No,258048,LinearSVM,0.7714,0.9143,0.9412,0.7941,1,0.9412,0.9118,0.9118,0.9412,0.9412,0.9068,0.0667
EfficientNetB4,Full,No,258048,MLP,0.8,0.8857,0.8824,0.7941,0.9706,0.9118,0.8824,0.9118,0.9706,0.9118,0.8921,0.0564
EfficientNetB4,Full,No,258048,Logistic,0.8,0.9143,0.9412,0.7941,1,0.9412,0.9118,0.9118,0.9412,0.9412,0.9097,0.0613
EfficientNetB4,Full,No,258048,RandomForest,0.8286,0.9143,0.9118,0.8235,0.8824,0.9118,0.8824,0.8824,0.8824,0.9412,0.8861,0.0353
EfficientNetB4,Full,No,258048,Adaboost,0.8,0.8286,0.8824,0.7941,0.9118,0.8824,0.8529,0.8824,0.8824,0.7941,0.8511,0.0415
EfficientNetB4,Full,No,258048,Gaussian,0.8286,0.7429,0.8529,0.7353,0.7941,0.8824,0.7353,0.9412,0.8235,0.8235,0.816,0.0637
EfficientNetB5,Full,No,460800,PCC,0.8286,0.9714,0.8235,0.7353,0.7941,0.8529,0.8529,0.8529,0.8824,0.7941,0.8388,0.0593
EfficientNetB5,Full,No,460800,J48,0.7714,0.7714,0.9118,0.6765,0.7941,0.7941,0.8824,0.8529,0.8235,0.7647,0.8043,0.0638
EfficientNetB5,Full,No,460800,RBF,0.8286,0.9714,0.9412,0.7647,0.9706,0.8235,0.8529,0.9412,0.9412,0.8824,0.8918,0.068
EfficientNetB5,Full,No,460800,LinearSVM,0.9143,0.9714,0.9412,0.8529,0.9706,0.8824,0.8824,0.9412,0.9412,0.8529,0.915,0.0426
EfficientNetB5,Full,No,460800,MLP,0.8857,0.9143,0.9118,0.9118,0.9706,0.9118,0.9118,0.8824,0.9118,0.9118,0.9124,0.0224
EfficientNetB5,Full,No,460800,Logistic,0.9143,0.9714,0.9412,0.8529,0.9706,0.8529,0.8824,0.9412,0.9412,0.8529,0.9121,0.0457
EfficientNetB5,Full,No,460800,RandomForest,0.9143,0.9143,0.9118,0.8235,0.9118,0.8824,0.9118,0.9412,0.8529,0.8824,0.8946,0.033
EfficientNetB5,Full,No,460800,Adaboost,0.8286,0.9714,0.9706,0.8529,0.8824,0.8529,0.9706,0.8824,0.8824,0.8235,0.8918,0.0554
EfficientNetB5,Full,No,460800,Gaussian,0.7714,0.8,0.8529,0.7059,0.7059,0.8235,0.7647,0.8529,0.8529,0.7647,0.7895,0.0537
EfficientNetB6,Full,No,665856,PCC,0.8571,0.6857,0.7941,0.6176,0.7941,0.7941,0.6471,0.8529,0.7353,0.8235,0.7602,0.0805
EfficientNetB6,Full,No,665856,J48,0.7143,0.7429,0.7353,0.7059,0.7941,0.6765,0.8529,0.7647,0.7941,0.6765,0.7457,0.0537
EfficientNetB6,Full,No,665856,RBF,0.8,0.8857,0.8235,0.7353,0.9118,0.8824,0.7059,0.9706,0.8824,0.8529,0.845,0.0766
EfficientNetB6,Full,No,665856,LinearSVM,0.8286,0.8857,0.9706,0.8529,0.9706,0.8824,0.7941,0.9706,0.9412,0.9412,0.9038,0.061
EfficientNetB6,Full,No,665856,MLP,0.7429,0.8857,0.8529,0.7647,0.8529,0.8824,0.7941,0.9118,0.7647,0.8235,0.8276,0.0557
EfficientNetB6,Full,No,665856,Logistic,0.8286,0.9143,0.9706,0.8529,0.9706,0.8529,0.7941,0.9706,0.9706,0.9118,0.9037,0.0639
EfficientNetB6,Full,No,665856,RandomForest,0.8286,0.8286,0.9412,0.7353,0.9412,0.8824,0.8235,0.9118,0.9118,0.8235,0.8628,0.0626
EfficientNetB6,Full,No,665856,Adaboost,0.8286,0.8857,0.9706,0.7941,0.9706,0.8824,0.8824,0.9118,0.9706,0.8824,0.8979,0.057
EfficientNetB6,Full,No,665856,Gaussian,0.8,0.7143,0.8235,0.7647,0.7353,0.8529,0.7353,0.8824,0.8235,0.8235,0.7955,0.0529
EfficientNetB7,Full,No,924160,PCC,0.7714,0.8,0.7059,0.7647,0.7647,0.8235,0.9412,0.8824,0.7941,0.8235,0.8071,0.0629
EfficientNetB7,Full,No,924160,J48,0.7714,0.7429,0.7059,0.7059,0.7647,0.6176,0.7941,0.8235,0.7353,0.7059,0.7367,0.0547
EfficientNetB7,Full,No,924160,RBF,0.8286,0.9143,0.9412,0.7647,0.8824,0.9412,0.9118,0.9412,0.9412,0.8529,0.8919,0.0569
EfficientNetB7,Full,No,924160,LinearSVM,0.9429,0.9143,0.9706,0.8235,0.8529,0.9412,0.8824,0.9412,0.9412,0.9118,0.9122,0.0437
EfficientNetB7,Full,No,924160,MLP,0.8286,0.7714,0.9118,0.8235,0.9118,0.9118,0.8235,0.9412,0.9118,0.8824,0.8718,0.0528
EfficientNetB7,Full,No,924160,Logistic,0.9429,0.9143,0.9412,0.7941,0.9118,0.9412,0.8824,0.9412,0.9412,0.9118,0.9122,0.0437
EfficientNetB7,Full,No,924160,RandomForest,0.7429,0.9429,0.9412,0.8824,0.8529,0.8824,0.8824,0.9118,0.8824,0.8529,0.8774,0.0538
EfficientNetB7,Full,No,924160,Adaboost,0.8286,0.8857,0.8529,0.8824,0.8235,0.8529,0.8824,0.9118,0.7941,0.9118,0.8626,0.037
EfficientNetB7,Full,No,924160,Gaussian,0.7714,0.7429,0.8529,0.7647,0.6765,0.9118,0.8529,0.8235,0.8824,0.8235,0.8103,0.0675
MobileNet+ResNet101,Full,No,150528,PCC,0.6571,0.5714,0.7059,0.7647,0.7647,0.7941,0.7647,0.7059,0.6176,0.7941,0.7140,0.0732
MobileNet+ResNet101,Full,No,150528,J48,0.6857,0.7714,0.7647,0.7353,0.7647,0.7941,0.7941,0.8529,0.7059,0.7059,0.7575,0.0480
MobileNet+ResNet101,Full,No,150528,RBF,0.8286,0.9143,0.9118,0.7941,0.9412,0.9118,0.9118,0.9412,0.9118,0.9118,0.8978,0.0453
MobileNet+ResNet101,Full,No,150528,LinearSVM,0.8857,0.9143,0.9706,0.8529,0.9412,0.9412,0.9118,1.0000,0.9412,0.9412,0.9300,0.0394
MobileNet+ResNet101,Full,No,150528,MLP,0.8000,0.6571,0.8824,0.4118,0.5000,0.4706,0.5000,0.4706,0.3529,0.4412,0.5487,0.1649
MobileNet+ResNet101,Full,No,150528,Logistic,0.8857,0.9429,0.9706,0.8529,0.9118,0.9118,0.9118,1.0000,0.9412,0.9412,0.9270,0.0397
MobileNet+ResNet101,Full,No,150528,RandomForest,0.9143,0.8571,0.9118,0.8824,0.8824,0.9118,0.9412,0.9118,0.9412,0.8824,0.9036,0.0258
MobileNet+ResNet101,Full,No,150528,Adaboost,0.7429,0.8000,0.8824,0.8824,0.8824,0.7941,0.8824,0.8235,0.9412,0.8235,0.8455,0.0555
MobileNet+ResNet101,Full,No,150528,Gaussian,0.7143,0.7714,0.7353,0.5588,0.6176,0.6471,0.7353,0.7941,0.7941,0.7647,0.7133,0.0758
ResNet101+DenseNet169,Full,No,181888,PCC,0.7714,0.6000,0.7059,0.7647,0.7941,0.7647,0.6765,0.7353,0.7059,0.8529,0.7371,0.0662
ResNet101+DenseNet169,Full,No,181888,J48,0.7429,0.6571,0.6765,0.7941,0.7941,0.6765,0.7059,0.8235,0.7647,0.7941,0.7429,0.0569
ResNet101+DenseNet169,Full,No,181888,RBF,0.8286,0.9143,0.9118,0.7941,0.9118,0.9118,0.9118,0.9118,0.9118,0.9118,0.8919,0.0410
ResNet101+DenseNet169,Full,No,181888,LinearSVM,0.8857,0.8857,0.9706,0.8824,0.9412,0.9118,0.9118,0.9706,0.9412,0.9118,0.9213,0.0316
ResNet101+DenseNet169,Full,No,181888,MLP,0.8000,0.9143,0.8529,0.8529,0.9118,0.9412,0.8824,0.9706,0.8529,0.8824,0.8861,0.0473
ResNet101+DenseNet169,Full,No,181888,Logistic,0.8857,0.8857,0.9706,0.8824,0.9118,0.9118,0.9118,0.9706,0.9412,0.9412,0.9213,0.0316
ResNet101+DenseNet169,Full,No,181888,RandomForest,0.8857,0.8857,0.8824,0.9118,0.9118,0.9118,0.8824,0.8824,0.9412,0.9118,0.9007,0.0189
ResNet101+DenseNet169,Full,No,181888,Adaboost,0.9143,0.8286,0.8824,0.8824,0.8529,0.8824,0.8529,0.9118,0.9118,0.8529,0.8772,0.0282
ResNet101+DenseNet169,Full,No,181888,Gaussian,0.6286,0.7714,0.7059,0.5294,0.5588,0.5000,0.7353,0.6765,0.7647,0.7059,0.6576,0.0935
ResNet101+DenseNet121,Full,No,150528,PCC,0.6857,0.6857,0.8235,0.7353,0.7059,0.7941,0.6765,0.7353,0.6765,0.7941,0.7313,0.0522
ResNet101+DenseNet121,Full,No,150528,J48,0.6857,0.8286,0.7647,0.6765,0.6765,0.8529,0.8529,0.7353,0.6765,0.7353,0.7485,0.0695
ResNet101+DenseNet121,Full,No,150528,RBF,0.8286,0.9143,0.9118,0.7941,0.9118,0.9118,0.9412,0.9412,0.9118,0.9118,0.8978,0.0453
ResNet101+DenseNet121,Full,No,150528,LinearSVM,0.8571,0.8571,0.9706,0.8824,0.9412,0.9118,0.9412,0.9706,0.9412,0.9118,0.9185,0.0399
ResNet101+DenseNet121,Full,No,150528,MLP,0.7429,0.8857,0.9412,0.8235,0.9118,0.9118,0.9118,0.9706,0.9118,0.9118,0.8923,0.0613
ResNet101+DenseNet121,Full,No,150528,Logistic,0.8286,0.8571,0.9706,0.8824,0.9412,0.9118,0.9412,0.9706,0.9412,0.9118,0.9156,0.0449
ResNet101+DenseNet121,Full,No,150528,RandomForest,0.8286,0.8571,0.9412,0.8529,0.8529,0.9412,0.9706,0.9118,0.9706,0.9412,0.9068,0.0511
ResNet101+DenseNet121,Full,No,150528,Adaboost,0.7429,0.7714,0.8824,0.8529,0.8824,0.9412,0.9118,0.8824,0.8824,0.8235,0.8573,0.0584
ResNet101+DenseNet121,Full,No,150528,Gaussian,0.6286,0.7429,0.7059,0.5294,0.5588,0.5000,0.7353,0.6765,0.7647,0.7059,0.6548,0.0903
ResNet101+MobileNetV2,Full,No,163072,PCC,0.6286,0.6286,0.7941,0.7353,0.7647,0.7353,0.6765,0.7941,0.6471,0.7059,0.7110,0.0606
ResNet101+MobileNetV2,Full,No,163072,J48,0.8000,0.8000,0.8824,0.7647,0.7353,0.7353,0.8529,0.7941,0.7647,0.7059,0.7835,0.0516
ResNet101+MobileNetV2,Full,No,163072,RBF,0.8571,0.9143,0.9118,0.7941,0.9118,0.9118,0.8824,0.9412,0.9118,0.9118,0.8948,0.0396
ResNet101+MobileNetV2,Full,No,163072,LinearSVM,0.9143,0.9143,0.9706,0.8824,0.9118,0.9118,0.9118,0.9706,0.9706,0.9706,0.9329,0.0320
ResNet101+MobileNetV2,Full,No,163072,MLP,0.7714,0.9429,0.9706,0.7941,0.7647,0.9706,0.9706,0.9118,0.9412,0.9118,0.8950,0.0803
ResNet101+MobileNetV2,Full,No,163072,Logistic,0.8857,0.9143,0.9706,0.8529,0.9412,0.9118,0.9118,0.9706,0.9412,0.9706,0.9271,0.0373
ResNet101+MobileNetV2,Full,No,163072,RandomForest,0.7714,0.8857,0.8529,0.8235,0.8235,0.9118,0.9412,0.9412,0.9412,0.9412,0.8834,0.0590
ResNet101+MobileNetV2,Full,No,163072,Adaboost,0.8857,0.8000,0.8529,0.8529,0.8824,0.8235,0.9118,0.7941,0.9118,0.8824,0.8597,0.0405
ResNet101+MobileNetV2,Full,No,163072,Gaussian,0.6857,0.7714,0.7353,0.6765,0.6176,0.5000,0.7059,0.8235,0.7647,0.7353,0.7016,0.0864
EfficientNetB0+MobileNet,Full,No,112896,PCC,0.7429,0.7429,0.7647,0.7941,0.7647,0.7353,0.7647,0.7353,0.7059,0.8824,0.7633,0.0456
EfficientNetB0+MobileNet,Full,No,112896,J48,0.6857,0.6857,0.7059,0.5882,0.7059,0.6176,0.6471,0.7059,0.7941,0.8235,0.6960,0.0682
EfficientNetB0+MobileNet,Full,No,112896,RBF,0.8857,0.9429,0.9412,0.8529,0.8824,0.9412,0.8529,0.9412,0.9412,0.9706,0.9152,0.0403
EfficientNetB0+MobileNet,Full,No,112896,LinearSVM,0.8857,0.9429,0.9412,0.9118,0.9118,0.9706,0.9412,1.0000,0.9412,0.9706,0.9417,0.0316
EfficientNetB0+MobileNet,Full,No,112896,MLP,0.8571,0.9429,0.9118,0.8529,0.9412,0.9412,0.9118,0.9706,0.9118,0.9706,0.9212,0.0390
EfficientNetB0+MobileNet,Full,No,112896,Logistic,0.8857,0.9429,0.9412,0.8824,0.9118,0.9706,0.9118,1.0000,0.9412,0.9706,0.9358,0.0363
EfficientNetB0+MobileNet,Full,No,112896,RandomForest,0.8857,0.8857,0.9118,0.8824,0.9118,0.8529,0.9118,0.8529,0.9118,0.9412,0.8948,0.0267
EfficientNetB0+MobileNet,Full,No,112896,Adaboost,0.8286,0.8571,0.8824,0.8824,0.8235,0.8529,0.8235,0.9412,0.9118,0.8824,0.8686,0.0371
EfficientNetB0+MobileNet,Full,No,112896,Gaussian,0.6857,0.7714,0.7647,0.6471,0.7353,0.7941,0.6471,0.8235,0.6765,0.8235,0.7369,0.0653
MobileNet+ResNet50,Full,No,150528,PCC,0.7143,0.6857,0.7647,0.7059,0.8235,0.7941,0.7353,0.7941,0.6765,0.8235,0.7518,0.0528
MobileNet+ResNet50,Full,No,150528,J48,0.6857,0.8286,0.7059,0.8529,0.6176,0.7059,0.8529,0.8529,0.7941,0.6471,0.7544,0.0871
MobileNet+ResNet50,Full,No,150528,RBF,0.9143,0.9714,0.8529,0.8235,0.9412,0.9118,0.8824,0.9412,0.9118,0.9118,0.9062,0.0414
MobileNet+ResNet50,Full,No,150528,LinearSVM,0.8857,0.9714,0.9412,0.8529,0.9412,0.9412,0.9412,1.0000,0.9412,0.9706,0.9387,0.0400
MobileNet+ResNet50,Full,No,150528,MLP,0.8571,0.9429,0.9412,0.8529,0.9412,0.9706,0.5000,0.8824,0.9412,0.9118,0.8741,0.1303
MobileNet+ResNet50,Full,No,150528,Logistic,0.8857,0.9714,0.9118,0.8529,0.9412,0.9412,0.9118,1.0000,0.9412,0.9706,0.9328,0.0414
MobileNet+ResNet50,Full,No,150528,RandomForest,0.9143,0.8857,0.8235,0.8824,0.8824,0.8824,0.9118,0.9706,0.9412,0.9412,0.9035,0.0395
MobileNet+ResNet50,Full,No,150528,Adaboost,0.8286,0.9429,0.9412,0.8824,0.8824,0.9118,0.9412,0.9118,0.9706,0.8529,0.9066,0.0424
MobileNet+ResNet50,Full,No,150528,Gaussian,0.7143,0.8571,0.7647,0.5588,0.6176,0.7353,0.7059,0.7647,0.6765,0.7647,0.7160,0.0797
EfficientNetB1+EfficientNetB5,Full,No,542720,PCC,0.7714,0.9143,0.9118,0.7647,0.8235,0.8824,0.8235,0.8824,0.9118,0.7941,0.8480,0.0564
EfficientNetB1+EfficientNetB5,Full,No,542720,J48,0.7143,0.8000,0.8824,0.6765,0.7941,0.7647,0.8235,0.8235,0.7941,0.8824,0.7955,0.0620
EfficientNetB1+EfficientNetB5,Full,No,542720,RBF,0.8286,0.9714,0.9118,0.7941,0.9412,0.8824,0.8824,0.9706,0.9412,0.8824,0.9006,0.0556
EfficientNetB1+EfficientNetB5,Full,No,542720,LinearSVM,0.9143,0.9714,0.9412,0.8529,0.9706,0.9118,0.8824,0.9118,0.9412,0.8824,0.9180,0.0368
EfficientNetB1+EfficientNetB5,Full,No,542720,MLP,0.8857,0.9714,0.9706,0.8235,0.9118,0.8824,0.8824,0.9118,0.9412,0.8235,0.9004,0.0496
EfficientNetB1+EfficientNetB5,Full,No,542720,Logistic,0.9143,0.9714,0.9412,0.8529,0.9706,0.8824,0.8824,0.9118,0.9412,0.8824,0.9150,0.0383
EfficientNetB1+EfficientNetB5,Full,No,542720,RandomForest,0.8571,0.9429,0.9706,0.8824,0.9412,0.8824,0.9412,0.8824,0.8824,0.8824,0.9065,0.0363
EfficientNetB1+EfficientNetB5,Full,No,542720,Adaboost,0.8286,0.9143,0.9118,0.7941,0.9118,0.8529,1.0000,0.9412,0.9118,0.8529,0.8919,0.0569
EfficientNetB1+EfficientNetB5,Full,No,542720,Gaussian,0.7714,0.8000,0.8529,0.7353,0.7353,0.8235,0.7647,0.8529,0.8824,0.7647,0.7983,0.0496
