method,cnn,reduction,classifier,features,F002,F010,F020,F030,F040,F050,F075,F100,F150,F200,F250,F300,Full,Mean,Sd,MedianQ2,Q1_25%,Q3_75%,Max,Min 
EfficientNetB1+EfficientNetB5_n_feat_PCA_PCC,EfficientNetB1+EfficientNetB5_n_feat,PCA,PCC,542720.0,78.2773,82.6471,81.1765,82.3529,79.4118,80.8824,82.3529,80.8824,79.4118,85.2941,82.3529,82.3529,84.7983,81.5091,6.4782,82.3529,76.9748,85.7143,97.0588,64.7059
EfficientNetB1+EfficientNetB5_n_feat_PCA_J48,EfficientNetB1+EfficientNetB5_n_feat,PCA,J48,542720.0,76.8487,76.8067,79.7479,84.0756,79.7479,77.1429,78.2773,80.8824,79.4118,79.4118,76.4706,81.1765,79.5546,79.0777,6.7597,79.4118,76.4706,82.4789,94.1176,58.8235
EfficientNetB1+EfficientNetB5_n_feat_PCA_RBF,EfficientNetB1+EfficientNetB5_n_feat,PCA,RBF,542720.0,79.7059,83.8235,85.2941,84.0756,83.8235,86.7647,86.9748,88.2353,88.4454,89.7059,89.8740,91.1765,90.0588,86.6702,5.9615,85.2941,82.3529,91.1765,97.1429,73.5294
EfficientNetB1+EfficientNetB5_n_feat_PCA_LinearSVM,EfficientNetB1+EfficientNetB5_n_feat,PCA,LinearSVM,542720.0,80.8824,85.7143,86.9748,85.2941,86.7647,83.8235,82.6050,80.8824,89.7059,91.1765,92.7731,91.1765,91.7983,86.3032,6.0198,85.7143,82.3529,91.1765,97.1429,73.5294
EfficientNetB1+EfficientNetB5_n_feat_PCA_MLP,EfficientNetB1+EfficientNetB5_n_feat,PCA,MLP,542720.0,79.7059,82.6471,85.2941,82.3529,86.7647,86.9748,83.8235,86.9327,80.8824,82.3529,82.6050,83.8235,90.0420,82.7871,5.9707,82.3529,79.4118,88.2353,97.0588,64.7059
EfficientNetB1+EfficientNetB5_n_feat_PCA_Logistic,EfficientNetB1+EfficientNetB5_n_feat,PCA,Logistic,542720.0,78.2773,86.9748,88.2353,86.9748,85.2941,86.7647,82.3529,83.8235,86.9748,91.3025,94.1176,92.7731,91.5042,86.5245,6.0083,88.2353,82.3529,91.1765,97.1429,68.5714
EfficientNetB1+EfficientNetB5_n_feat_PCA_RandomForest,EfficientNetB1+EfficientNetB5_n_feat,PCA,RandomForest,542720.0,77.9411,86.7647,85.2941,85.2941,83.8235,85.2941,83.8235,85.2941,85.2941,84.0756,83.8235,82.8571,90.6471,84.3368,6.2700,85.2941,80.0000,88.2353,97.0588,68.5714
EfficientNetB1+EfficientNetB5_n_feat_PCA_Adaboost,EfficientNetB1+EfficientNetB5_n_feat,PCA,Adaboost,542720.0,80.8824,82.6050,79.4118,85.2941,84.0756,85.5042,83.8235,85.2941,85.5042,86.9748,84.0336,82.6050,89.1933,83.7325,5.9312,85.2941,79.8529,88.2353,97.0588,64.7059
EfficientNetB1+EfficientNetB5_n_feat_PCA_Gaussian,EfficientNetB1+EfficientNetB5_n_feat,PCA,Gaussian,542720.0,76.4706,85.2941,88.2353,82.8571,82.8571,75.3782,73.5294,72.0588,69.5798,69.1176,67.6471,70.5882,79.8319,75.5980,8.1448,73.5294,70.5882,82.4789,97.0588,60.0000
EfficientNetB1+EfficientNetB5_n_feat_UMAP_PCC,EfficientNetB1+EfficientNetB5_n_feat,UMAP,PCC,542720.0,77.9412,82.6050,82.3529,82.8571,82.3529,79.7059,83.8235,85.2941,82.3529,82.3529,81.1765,85.2941,84.7983,81.0273,6.0095,82.3529,76.4706,85.2941,94.1176,61.7647
EfficientNetB1+EfficientNetB5_n_feat_UMAP_J48,EfficientNetB1+EfficientNetB5_n_feat,UMAP,J48,542720.0,76.4706,79.4118,82.3529,80.8824,79.4118,76.8067,79.7059,78.2773,80.8824,83.8235,76.4706,82.6050,79.5546,80.1008,5.9108,79.4118,76.4706,85.2941,91.1765,65.7143
EfficientNetB1+EfficientNetB5_n_feat_UMAP_RBF,EfficientNetB1+EfficientNetB5_n_feat,UMAP,RBF,542720.0,78.2773,80.8824,79.4118,80.8824,77.9412,80.8824,77.9412,79.4118,79.4118,79.4118,79.4118,77.9412,90.0588,79.3144,5.9736,79.4118,75.9244,83.4664,94.1176,64.7059
EfficientNetB1+EfficientNetB5_n_feat_UMAP_LinearSVM,EfficientNetB1+EfficientNetB5_n_feat,UMAP,LinearSVM,542720.0,70.5882,80.8824,79.7059,80.8824,79.7059,80.8824,79.7059,80.8824,80.8824,80.8824,80.8824,79.7059,91.7983,80.6162,5.6256,79.4118,76.4706,85.2941,91.1765,64.7059
EfficientNetB1+EfficientNetB5_n_feat_UMAP_MLP,EfficientNetB1+EfficientNetB5_n_feat,UMAP,MLP,542720.0,76.4706,85.5042,80.8824,84.0756,82.6050,80.8824,79.7059,81.1765,76.4706,75.0000,69.1176,73.5294,90.0420,78.5154,8.2730,79.4118,73.5294,85.2941,91.1765,42.8571
EfficientNetB1+EfficientNetB5_n_feat_UMAP_Logistic,EfficientNetB1+EfficientNetB5_n_feat,UMAP,Logistic,542720.0,70.5882,85.2941,85.2941,84.0756,83.8235,86.7647,82.3529,83.8235,83.8235,85.5042,82.3529,82.3529,91.5042,82.1604,6.8235,82.8571,77.1429,88.2353,94.1176,64.7059
EfficientNetB1+EfficientNetB5_n_feat_UMAP_RandomForest,EfficientNetB1+EfficientNetB5_n_feat,UMAP,RandomForest,542720.0,80.8824,86.7647,88.2353,88.4033,85.7143,86.9748,86.7647,89.7059,88.2353,86.7647,86.9748,85.5042,90.6471,86.3333,5.3035,88.2353,82.3529,91.1765,100.0000,73.5294
EfficientNetB1+EfficientNetB5_n_feat_UMAP_Adaboost,EfficientNetB1+EfficientNetB5_n_feat,UMAP,Adaboost,542720.0,76.4706,83.8235,85.2941,85.7143,85.2941,85.5042,83.8235,80.8824,86.9748,82.3529,84.0756,81.1765,89.1933,83.4895,5.4803,85.2941,79.4118,88.2353,97.0588,67.6471
EfficientNetB1+EfficientNetB5_n_feat_UMAP_Gaussian,EfficientNetB1+EfficientNetB5_n_feat,UMAP,Gaussian,542720.0,72.0588,79.4118,77.9412,79.7059,80.8824,76.4706,78.2773,76.4706,79.4118,79.4118,79.4118,76.8067,79.8319,78.4818,5.8043,79.4118,74.0966,82.3529,88.5714,64.7059
EfficientNetB1+EfficientNetB5_n_feat_ReliefF_PCC,EfficientNetB1+EfficientNetB5_n_feat,ReliefF,PCC,542720.0,64.7059,64.7059,66.6807,66.6807,69.1176,67.6471,71.0084,66.6386,62.3109,67.6471,73.5294,69.1176,84.7983,67.0504,9.4949,67.6471,61.7647,73.5294,88.2353,38.2353
EfficientNetB1+EfficientNetB5_n_feat_ReliefF_J48,EfficientNetB1+EfficientNetB5_n_feat,ReliefF,J48,542720.0,59.4117,61.4286,60.2941,61.7647,65.2101,67.6471,69.1176,73.5294,69.1176,66.6807,70.5882,70.5882,79.5546,66.3943,9.3118,66.6807,58.8235,73.5294,94.1176,44.1176
EfficientNetB1+EfficientNetB5_n_feat_ReliefF_RBF,EfficientNetB1+EfficientNetB5_n_feat,ReliefF,RBF,542720.0,62.3529,68.1093,70.5882,72.4790,70.5882,70.5882,76.8067,76.8067,76.8067,76.4706,78.2773,82.3529,90.0588,73.3698,9.3324,73.5294,67.6471,79.4118,91.1765,50.0000
EfficientNetB1+EfficientNetB5_n_feat_ReliefF_LinearSVM,EfficientNetB1+EfficientNetB5_n_feat,ReliefF,LinearSVM,542720.0,55.0840,61.7647,64.7059,66.1765,68.1093,66.6386,72.4369,71.0084,72.8572,74.2857,79.4118,78.2353,91.7983,69.2941,10.6250,68.5714,61.7647,76.4706,91.1765,34.2857
EfficientNetB1+EfficientNetB5_n_feat_ReliefF_MLP,EfficientNetB1+EfficientNetB5_n_feat,ReliefF,MLP,542720.0,68.5714,62.3109,66.1765,72.4790,72.0588,75.0000,79.7059,77.9412,77.1429,79.4118,78.2773,84.0756,90.0420,73.6296,10.8034,74.2857,67.6471,82.3529,91.1765,44.1176
EfficientNetB1+EfficientNetB5_n_feat_ReliefF_Logistic,EfficientNetB1+EfficientNetB5_n_feat,ReliefF,Logistic,542720.0,66.7227,69.5798,75.0000,75.0000,70.5882,76.4706,75.0000,75.0000,75.3362,75.3782,79.7479,79.7059,91.5042,73.8480,10.0512,73.5294,68.5714,80.0000,94.1176,31.4286
EfficientNetB1+EfficientNetB5_n_feat_ReliefF_RandomForest,EfficientNetB1+EfficientNetB5_n_feat,ReliefF,RandomForest,542720.0,60.0000,72.0588,70.5882,73.5294,73.9076,72.4790,81.1765,80.8824,84.0756,88.2353,85.5042,88.2353,90.6471,76.7724,11.7144,78.2773,70.5882,85.2941,97.0588,41.1765
EfficientNetB1+EfficientNetB5_n_feat_ReliefF_Adaboost,EfficientNetB1+EfficientNetB5_n_feat,ReliefF,Adaboost,542720.0,64.7059,64.7059,67.6471,73.9076,68.1093,70.5882,75.3782,77.9412,71.0084,77.9412,78.2773,79.4118,89.1933,72.3459,9.5385,73.5294,67.6471,79.4118,91.1765,35.2941
EfficientNetB1+EfficientNetB5_n_feat_ReliefF_Gaussian,EfficientNetB1+EfficientNetB5_n_feat,ReliefF,Gaussian,542720.0,63.7815,66.1765,67.6471,72.4790,70.5882,70.5882,70.5882,78.2773,77.9412,76.4706,81.1765,79.4118,79.8319,71.8571,9.6810,73.5294,64.7059,79.4118,88.2353,50.0000
MobileNet+ResNet101_n_feat_PCA_PCC,MobileNet+ResNet101_n_feat,PCA,PCC,150528.0,69.5798,89.8740,88.2353,86.9748,85.2941,86.7647,86.7647,85.5042,82.6050,82.3529,79.4118,77.9412,71.4034,83.0798,6.9828,84.0756,79.4118,88.2353,94.1176,64.7059
MobileNet+ResNet101_n_feat_PCA_J48,MobileNet+ResNet101_n_feat,PCA,J48,150528.0,61.7647,84.0336,81.1765,82.3529,82.3529,80.8824,76.4706,80.8824,79.4118,76.8067,77.9412,75.0000,75.7479,78.2374,8.1258,79.4118,73.5294,82.8571,97.0588,47.0588
MobileNet+ResNet101_n_feat_PCA_RBF,MobileNet+ResNet101_n_feat,PCA,RBF,150528.0,68.1093,89.7059,91.3025,91.1765,92.6471,91.3025,94.1176,92.7731,91.1765,91.1765,89.7059,89.8740,89.7815,88.9825,7.3937,91.1765,85.7143,94.1176,97.0588,61.7647
MobileNet+ResNet101_n_feat_PCA_LinearSVM,MobileNet+ResNet101_n_feat,PCA,LinearSVM,150528.0,61.7647,85.5042,91.1765,88.2353,91.1765,85.2941,89.8740,88.4033,88.4033,89.7059,91.1765,89.7059,93.0000,86.5042,8.9815,88.2353,82.8571,91.2395,100.0000,52.9412
MobileNet+ResNet101_n_feat_PCA_MLP,MobileNet+ResNet101_n_feat,PCA,MLP,150528.0,66.1765,85.2941,88.2353,86.9327,85.2941,88.2353,85.2941,86.7647,85.2941,85.2941,79.4118,80.8824,54.8655,83.1050,8.5698,85.2941,79.4118,88.5714,97.0588,58.8235
MobileNet+ResNet101_n_feat_PCA_Logistic,MobileNet+ResNet101_n_feat,PCA,Logistic,150528.0,61.7647,88.2353,88.2353,89.8740,88.4033,88.2353,89.8740,91.1765,91.3445,91.1765,89.7059,92.6471,92.6975,86.3816,9.5121,88.2353,85.2941,91.2395,100.0000,50.0000
MobileNet+ResNet101_n_feat_PCA_RandomForest,MobileNet+ResNet101_n_feat,PCA,RandomForest,150528.0,65.2101,91.3025,91.1765,91.1765,89.7059,91.3025,91.1765,91.1765,91.1765,88.4033,89.7059,86.7647,90.3614,87.7598,8.5056,91.1765,84.6848,91.4286,100.0000,50.0000
MobileNet+ResNet101_n_feat_PCA_Adaboost,MobileNet+ResNet101_n_feat,PCA,Adaboost,150528.0,70.5882,88.2353,88.2353,91.1765,88.4454,86.7647,91.1765,89.8740,91.1765,91.1765,91.3025,89.7059,84.5462,86.3494,8.6838,88.4033,82.3529,91.1765,97.1429,50.0000
MobileNet+ResNet101_n_feat_PCA_Gaussian,MobileNet+ResNet101_n_feat,PCA,Gaussian,150528.0,63.7815,86.7647,86.7647,89.7059,88.2353,85.5462,78.2773,75.2941,73.5294,73.5294,73.5294,70.5882,71.3278,78.0644,10.6485,79.4118,70.5882,88.2353,97.0588,52.9412
MobileNet+ResNet101_n_feat_UMAP_PCC,MobileNet+ResNet101_n_feat,UMAP,PCC,150528.0,75.3362,79.4118,79.4118,82.3529,79.4118,80.8824,79.4118,77.9412,78.2773,79.7059,79.4118,81.1765,71.4034,78.6352,5.4110,79.4118,76.4706,82.3529,88.5714,61.7647
MobileNet+ResNet101_n_feat_UMAP_J48,MobileNet+ResNet101_n_feat,UMAP,J48,150528.0,60.2941,78.2353,75.0000,75.0000,72.4369,77.9412,75.0000,79.4118,79.4118,79.4118,75.0000,73.9076,75.7479,74.9594,7.4754,76.4706,70.5882,79.4118,91.1765,52.9412
MobileNet+ResNet101_n_feat_UMAP_RBF,MobileNet+ResNet101_n_feat,UMAP,RBF,150528.0,73.9076,73.9076,73.9076,73.5294,69.1176,73.5294,73.5294,75.0000,73.5294,73.5294,66.1765,64.7059,89.7815,69.6898,9.5127,73.5294,67.6471,76.4706,82.3529,40.0000
MobileNet+ResNet101_n_feat_UMAP_LinearSVM,MobileNet+ResNet101_n_feat,UMAP,LinearSVM,150528.0,64.7059,76.8067,79.4118,78.2773,76.4706,79.4118,76.8067,76.4706,78.2773,79.4118,78.2773,76.8067,93.0000,77.0525,6.2475,77.1429,76.4706,79.5589,88.2353,41.1765
MobileNet+ResNet101_n_feat_UMAP_MLP,MobileNet+ResNet101_n_feat,UMAP,MLP,150528.0,73.5294,76.8067,83.8235,81.1765,77.9412,75.0000,76.8067,76.8067,67.6470,71.0504,63.2353,52.1849,54.8655,72.8347,11.3855,76.4706,68.3403,80.0000,88.2353,34.2857
MobileNet+ResNet101_n_feat_UMAP_Logistic,MobileNet+ResNet101_n_feat,UMAP,Logistic,150528.0,66.6807,78.2353,80.8824,82.3529,82.3529,85.2941,81.1765,82.6050,82.3529,82.3529,79.4118,82.3529,92.6975,79.7192,7.0880,82.3529,76.4706,82.8571,88.2353,32.3529
MobileNet+ResNet101_n_feat_UMAP_RandomForest,MobileNet+ResNet101_n_feat,UMAP,RandomForest,150528.0,73.5294,82.3529,82.3529,82.3529,85.2941,83.8235,82.3529,86.7647,85.5042,84.0756,82.8571,88.2353,90.3614,83.2892,6.0166,85.2941,79.4118,88.2353,94.2857,61.7647
MobileNet+ResNet101_n_feat_UMAP_Adaboost,MobileNet+ResNet101_n_feat,UMAP,Adaboost,150528.0,70.5882,79.4118,82.3529,79.4118,82.3529,76.8067,82.3529,85.2941,79.4118,84.0756,85.2941,85.2941,84.5462,80.5756,6.3369,82.3529,76.4706,85.2941,91.4286,60.0000
MobileNet+ResNet101_n_feat_UMAP_Gaussian,MobileNet+ResNet101_n_feat,UMAP,Gaussian,150528.0,65.2101,82.3529,81.1765,79.7059,79.7059,79.4118,79.7059,80.8824,81.1765,79.7059,79.4118,81.1765,71.3278,79.0840,7.6162,79.4118,76.4706,82.4789,97.1429,55.8824
MobileNet+ResNet101_n_feat_ReliefF_PCC,MobileNet+ResNet101_n_feat,ReliefF,PCC,150528.0,81.1765,82.3529,85.2941,83.8235,85.2941,83.8235,83.8235,82.3529,82.6050,79.4118,80.8824,79.4118,71.4034,82.3396,5.2586,82.3529,79.4118,85.2941,94.1176,65.7143
MobileNet+ResNet101_n_feat_ReliefF_J48,MobileNet+ResNet101_n_feat,ReliefF,J48,150528.0,77.9412,78.2773,75.3782,76.4706,76.4706,79.4118,82.3529,77.9412,82.3529,79.4118,77.9412,73.5294,75.7479,78.3389,6.3629,79.4118,73.5294,82.3529,94.1176,64.7059
MobileNet+ResNet101_n_feat_ReliefF_RBF,MobileNet+ResNet101_n_feat,ReliefF,RBF,150528.0,79.4118,85.2941,86.7647,85.2941,85.5042,86.9748,88.2353,91.1765,86.9748,88.2353,88.4033,89.8740,89.7815,86.9363,5.1638,88.2353,85.2941,91.1765,97.0588,70.5882
MobileNet+ResNet101_n_feat_ReliefF_LinearSVM,MobileNet+ResNet101_n_feat,ReliefF,LinearSVM,150528.0,76.4706,85.2941,85.2941,83.8235,86.7647,88.2353,86.9748,88.4033,88.4033,89.8740,88.4033,89.8740,93.0000,86.2038,5.6438,88.2353,82.3529,91.1765,97.0588,67.6471
MobileNet+ResNet101_n_feat_ReliefF_MLP,MobileNet+ResNet101_n_feat,ReliefF,MLP,150528.0,81.1765,80.8824,83.8235,86.7647,85.2941,88.2353,89.7059,91.1765,86.7647,83.8235,85.5042,88.2353,54.8655,84.9426,6.1646,85.2941,80.0000,88.2353,97.0588,70.5882
MobileNet+ResNet101_n_feat_ReliefF_Logistic,MobileNet+ResNet101_n_feat,ReliefF,Logistic,150528.0,79.7059,82.6050,82.3529,88.2353,86.9748,86.9748,88.2353,88.2353,88.2353,91.3025,91.1765,91.1765,92.6975,86.4678,6.4718,88.2353,82.3529,91.1765,97.0588,64.7059
MobileNet+ResNet101_n_feat_ReliefF_RandomForest,MobileNet+ResNet101_n_feat,ReliefF,RandomForest,150528.0,78.2773,83.8235,82.6050,85.5042,82.6050,88.2353,88.2353,91.1765,91.1765,86.9748,89.7059,89.7059,90.3614,86.5763,5.4540,85.7143,82.7311,91.1765,97.0588,64.7059
MobileNet+ResNet101_n_feat_ReliefF_Adaboost,MobileNet+ResNet101_n_feat,ReliefF,Adaboost,150528.0,79.7059,85.2941,85.2941,82.3529,82.3529,86.9748,85.5042,88.2353,88.2353,88.2353,84.0756,88.4033,84.5462,85.2808,6.2565,85.2941,82.3529,88.2353,97.0588,67.6471
MobileNet+ResNet101_n_feat_ReliefF_Gaussian,MobileNet+ResNet101_n_feat,ReliefF,Gaussian,150528.0,77.1429,79.4118,82.6050,85.5042,88.4033,88.2353,88.4033,88.2353,88.2353,86.9748,85.2941,85.5042,71.3278,84.9503,5.4758,85.2941,82.3529,88.2353,94.1176,64.7059
ResNet101+DenseNet169_n_feat_PCA_PCC,ResNet101+DenseNet169_n_feat,PCA,PCC,181888.0,76.4706,88.2353,86.7647,86.9748,82.6050,88.2353,85.2941,85.2941,85.2941,82.6050,82.3529,80.8824,73.7143,84.1029,5.9523,85.2941,80.0000,88.2353,94.1176,64.7059
ResNet101+DenseNet169_n_feat_PCA_J48,ResNet101+DenseNet169_n_feat,PCA,J48,181888.0,65.2101,80.8824,77.9412,79.4118,78.2773,78.2773,75.3362,77.9412,81.1765,81.1345,75.3362,73.9496,74.2941,76.1457,8.3994,76.8067,70.5882,82.4789,94.1176,50.0000
ResNet101+DenseNet169_n_feat_PCA_RBF,ResNet101+DenseNet169_n_feat,PCA,RBF,181888.0,73.5294,89.7059,89.7059,89.8740,92.7731,94.1176,94.1176,91.3025,94.1176,92.6471,91.3025,91.1765,89.1933,89.2451,6.6938,91.1765,85.7143,94.1176,97.1429,55.8824
ResNet101+DenseNet169_n_feat_PCA_LinearSVM,ResNet101+DenseNet169_n_feat,PCA,LinearSVM,181888.0,75.0000,86.7647,85.5042,83.8235,88.2353,85.2941,85.2941,88.2353,91.3025,89.8740,88.2353,85.5042,92.1260,85.2829,7.7637,88.2353,82.3529,91.1765,97.0588,50.0000
ResNet101+DenseNet169_n_feat_PCA_MLP,ResNet101+DenseNet169_n_feat,PCA,MLP,181888.0,75.0000,82.3529,82.6050,81.1765,84.0756,86.7647,85.5042,83.8235,86.7647,84.0756,79.7059,75.3782,88.6134,82.2332,7.1892,82.3529,79.4118,88.2353,100.0000,61.7647
ResNet101+DenseNet169_n_feat_PCA_Logistic,ResNet101+DenseNet169_n_feat,PCA,Logistic,181888.0,76.4706,85.2941,86.9748,85.2941,88.2353,84.0756,85.2941,89.7059,92.6471,91.1765,91.1765,89.7059,92.1260,85.9699,7.8887,88.2353,82.3529,91.1765,100.0000,50.0000
ResNet101+DenseNet169_n_feat_PCA_RandomForest,ResNet101+DenseNet169_n_feat,PCA,RandomForest,181888.0,70.5882,89.7059,89.7059,89.7059,88.5714,88.2353,88.4033,91.1765,89.7059,89.8740,89.7059,85.5042,90.0672,87.0679,7.3428,88.2353,85.2941,91.1765,97.0588,55.8824
ResNet101+DenseNet169_n_feat_PCA_Adaboost,ResNet101+DenseNet169_n_feat,PCA,Adaboost,181888.0,66.6807,84.0756,85.2941,89.7059,85.5462,88.2353,88.2353,88.4033,86.7647,88.2353,88.2353,85.5042,87.7227,84.9027,7.2121,85.2941,82.3529,88.5714,97.0588,57.1429
ResNet101+DenseNet169_n_feat_PCA_Gaussian,ResNet101+DenseNet169_n_feat,PCA,Gaussian,181888.0,72.4790,85.5042,85.5042,85.2941,85.5042,82.6050,76.8067,73.5294,69.1176,69.1176,67.6471,71.0084,65.7647,76.3235,9.3835,76.4706,70.5882,83.4664,91.1765,55.8824
ResNet101+DenseNet169_n_feat_UMAP_PCC,ResNet101+DenseNet169_n_feat,UMAP,PCC,181888.0,73.9076,80.8824,82.3529,81.1765,79.4118,79.4118,79.7059,79.4118,79.4118,79.4118,79.4118,80.8824,73.7143,79.4475,4.4783,79.4118,76.4706,82.3529,88.2353,58.8235
ResNet101+DenseNet169_n_feat_UMAP_J48,ResNet101+DenseNet169_n_feat,UMAP,J48,181888.0,77.9412,75.3782,77.9412,76.8067,79.4118,78.2773,81.1345,76.4706,79.4118,75.0000,79.4118,81.1765,74.2941,78.1849,6.3045,79.4118,73.5294,82.3529,94.1176,61.7647
ResNet101+DenseNet169_n_feat_UMAP_RBF,ResNet101+DenseNet169_n_feat,UMAP,RBF,181888.0,75.3362,75.0000,76.4706,77.9412,76.8487,79.4118,77.9412,77.9412,76.4706,75.0000,77.9412,72.0589,89.1933,73.8515,9.3278,76.4706,70.5882,79.4118,88.2353,40.0000
ResNet101+DenseNet169_n_feat_UMAP_LinearSVM,ResNet101+DenseNet169_n_feat,UMAP,LinearSVM,181888.0,64.7059,82.3529,82.3529,82.3529,79.4118,80.8824,82.3529,80.8824,79.7059,82.3529,81.1765,79.7059,92.1260,79.6092,6.2265,80.0000,79.4118,82.3529,88.5714,50.0000
ResNet101+DenseNet169_n_feat_UMAP_MLP,ResNet101+DenseNet169_n_feat,UMAP,MLP,181888.0,75.0000,82.6471,82.3529,81.1765,81.1765,82.3529,82.3529,81.1765,72.4790,75.0000,69.1176,58.8235,88.6134,76.3529,10.2231,79.4118,73.5294,82.3529,88.5714,42.8571
ResNet101+DenseNet169_n_feat_UMAP_Logistic,ResNet101+DenseNet169_n_feat,UMAP,Logistic,181888.0,63.7815,82.6050,83.8235,82.6050,82.3529,84.0756,82.3529,84.0756,81.1345,82.6050,84.0756,82.3529,92.1260,80.8424,6.6347,82.3529,79.4118,85.2941,91.1765,55.8824
ResNet101+DenseNet169_n_feat_UMAP_RandomForest,ResNet101+DenseNet169_n_feat,UMAP,RandomForest,181888.0,78.2773,83.8235,83.8235,83.8235,85.2941,85.2941,85.2941,85.2941,84.0756,85.5042,84.0756,88.4033,90.0672,84.1393,4.7610,85.2941,82.3529,88.2353,94.1176,61.7647
ResNet101+DenseNet169_n_feat_UMAP_Adaboost,ResNet101+DenseNet169_n_feat,UMAP,Adaboost,181888.0,75.3782,79.7059,78.2773,79.4118,82.3529,85.2941,79.7059,79.7059,80.8824,82.3529,81.1765,85.5042,87.7227,81.0448,5.4312,80.0000,79.4118,85.2941,94.2857,67.6471
ResNet101+DenseNet169_n_feat_UMAP_Gaussian,ResNet101+DenseNet169_n_feat,UMAP,Gaussian,181888.0,70.5882,80.8824,79.4118,80.8824,80.8824,80.8824,82.3529,79.7059,78.2773,78.2773,81.1765,76.4706,65.7647,78.6148,6.3560,79.4118,74.0966,83.4664,91.4286,58.8235
ResNet101+DenseNet169_n_feat_ReliefF_PCC,ResNet101+DenseNet169_n_feat,ReliefF,PCC,181888.0,77.9412,79.4118,81.1345,82.6050,85.2941,84.0756,85.2941,82.6050,83.8235,83.8235,85.2941,82.3529,73.7143,82.4111,5.5138,82.6050,79.4118,85.2941,94.1176,68.5714
ResNet101+DenseNet169_n_feat_ReliefF_J48,ResNet101+DenseNet169_n_feat,ReliefF,J48,181888.0,76.4706,78.2773,82.3529,79.4118,81.1765,79.4118,77.9412,80.8824,76.8067,77.9411,77.9412,76.8067,74.2941,78.5749,6.4838,79.4118,73.5294,82.3529,94.1176,60.0000
ResNet101+DenseNet169_n_feat_ReliefF_RBF,ResNet101+DenseNet169_n_feat,ReliefF,RBF,181888.0,76.4706,79.4118,82.6471,85.2941,85.2941,86.7647,85.2941,86.7647,86.7647,89.7059,86.7647,86.7647,89.1933,84.2038,6.3993,85.2941,80.0000,88.2353,97.0588,65.7143
ResNet101+DenseNet169_n_feat_ReliefF_LinearSVM,ResNet101+DenseNet169_n_feat,ReliefF,LinearSVM,181888.0,72.0588,79.4118,80.8824,85.2941,83.8235,86.7647,88.2353,88.2353,86.9748,88.2353,88.2353,86.7647,92.1260,84.0560,7.4071,85.2941,79.4118,88.3193,97.0588,65.7143
ResNet101+DenseNet169_n_feat_ReliefF_MLP,ResNet101+DenseNet169_n_feat,ReliefF,MLP,181888.0,76.4706,79.7479,79.4118,80.8824,83.8235,83.8235,86.7647,88.2353,86.7647,83.8235,86.7647,86.7647,88.6134,82.9104,6.5955,82.3529,77.1429,88.2353,97.0588,65.7143
ResNet101+DenseNet169_n_feat_ReliefF_Logistic,ResNet101+DenseNet169_n_feat,ReliefF,Logistic,181888.0,73.5294,77.9412,77.9412,83.8235,86.7647,88.2353,85.2941,86.7647,85.2941,85.2941,84.0756,85.2941,92.1260,83.0714,7.5119,85.2941,77.1429,88.2353,97.0588,65.7143
ResNet101+DenseNet169_n_feat_ReliefF_RandomForest,ResNet101+DenseNet169_n_feat,ReliefF,RandomForest,181888.0,76.4706,85.2941,86.7647,86.9327,88.2353,89.7059,91.1765,91.1765,88.2353,86.7647,91.1765,86.9748,90.0672,86.9300,6.2790,88.2353,82.8571,91.1765,100.0000,62.8571
ResNet101+DenseNet169_n_feat_ReliefF_Adaboost,ResNet101+DenseNet169_n_feat,ReliefF,Adaboost,181888.0,77.9412,86.7647,83.8235,83.8235,85.2941,88.2353,85.2941,85.2941,85.2941,86.7647,85.2941,82.3529,87.7227,84.1716,6.3182,85.2941,80.0000,88.2353,97.0588,62.8571
ResNet101+DenseNet169_n_feat_ReliefF_Gaussian,ResNet101+DenseNet169_n_feat,ReliefF,Gaussian,181888.0,76.8067,80.8824,83.8235,85.2941,83.8235,86.7647,86.7647,86.9748,88.2353,86.7647,85.2941,83.8235,65.7647,84.0700,6.3113,85.2941,79.4118,88.2353,94.1176,62.8571
ResNet101+DenseNet121_n_feat_PCA_PCC,ResNet101+DenseNet121_n_feat,PCA,PCC,150528.0,80.8824,88.2353,86.9748,86.7647,86.7647,82.8571,85.2941,85.5042,86.7647,78.2773,80.8824,79.4118,73.1260,84.2612,5.9307,85.2941,79.4118,88.2353,97.0588,65.7143
ResNet101+DenseNet121_n_feat_PCA_J48,ResNet101+DenseNet121_n_feat,PCA,J48,150528.0,75.0000,82.6050,78.2773,79.4118,77.9412,79.4118,80.8824,79.7059,76.4706,76.4706,76.8067,78.2773,74.8487,77.9825,6.6146,79.4118,73.5294,82.3529,94.1176,58.8235
ResNet101+DenseNet121_n_feat_PCA_RBF,ResNet101+DenseNet121_n_feat,PCA,RBF,150528.0,81.1765,91.1765,91.1765,91.1765,91.1765,94.1176,94.1176,92.6471,91.1765,91.1765,89.7059,88.4033,89.7815,89.6961,5.5097,91.1765,85.7143,94.1176,100.0000,68.5714
ResNet101+DenseNet121_n_feat_PCA_LinearSVM,ResNet101+DenseNet121_n_feat,PCA,LinearSVM,150528.0,78.2773,88.2353,86.7647,85.5042,85.2941,85.2941,83.8235,83.8235,85.2941,85.5042,86.7647,88.2353,91.8487,85.4104,5.6647,85.2941,82.3529,88.9706,97.0588,68.5714
ResNet101+DenseNet121_n_feat_PCA_MLP,ResNet101+DenseNet121_n_feat,PCA,MLP,150528.0,79.7059,83.8235,82.6050,85.2941,82.3529,82.3529,89.7059,86.7647,82.3529,83.8235,82.6050,79.4118,89.2269,83.1667,6.6350,82.8571,79.4118,88.2353,97.0588,60.0000
ResNet101+DenseNet121_n_feat_PCA_Logistic,ResNet101+DenseNet121_n_feat,PCA,Logistic,150528.0,78.2773,85.5042,85.2941,86.7647,85.5042,85.2941,83.8235,86.7647,85.5042,88.2353,88.2353,91.1765,91.5630,85.7724,5.5729,85.2941,82.3529,91.1765,97.0588,68.5714
ResNet101+DenseNet121_n_feat_PCA_RandomForest,ResNet101+DenseNet121_n_feat,PCA,RandomForest,150528.0,76.8067,91.1765,91.1765,91.1765,91.1765,91.1765,91.1765,89.8740,88.2353,88.4454,88.2353,88.2353,90.6807,88.2906,5.7016,88.5714,85.2941,91.1765,97.0588,70.5882
ResNet101+DenseNet121_n_feat_PCA_Adaboost,ResNet101+DenseNet121_n_feat,PCA,Adaboost,150528.0,76.8067,85.2941,85.2941,86.7647,86.7647,88.2353,85.7143,85.2941,85.5042,86.9748,85.2941,83.8235,85.7311,85.1716,5.2426,85.2941,82.3529,88.2353,97.0588,64.7059
ResNet101+DenseNet121_n_feat_PCA_Gaussian,ResNet101+DenseNet121_n_feat,PCA,Gaussian,150528.0,73.5294,85.2941,82.3529,82.6050,82.3529,79.4118,73.9496,72.0588,69.1176,69.1176,69.1176,69.1176,65.4790,75.8943,8.0551,76.4706,70.5882,82.3529,91.1765,52.9412
ResNet101+DenseNet121_n_feat_UMAP_PCC,ResNet101+DenseNet121_n_feat,UMAP,PCC,150528.0,72.0588,79.4118,79.4118,76.4706,79.4118,79.4118,79.7059,82.3529,79.4118,78.5714,79.7059,76.4706,73.1260,78.3711,5.5189,79.4118,74.2857,82.3529,91.1765,61.7647
ResNet101+DenseNet121_n_feat_UMAP_J48,ResNet101+DenseNet121_n_feat,UMAP,J48,150528.0,66.6807,75.0000,73.5294,75.0000,79.4118,78.2773,76.4706,75.3362,82.3529,83.8235,76.4706,73.9076,74.8487,76.6295,6.9693,76.4706,73.5294,82.3529,88.2353,44.1176
ResNet101+DenseNet121_n_feat_UMAP_RBF,ResNet101+DenseNet121_n_feat,UMAP,RBF,150528.0,71.0084,72.4790,75.0000,73.9076,75.0000,72.4790,73.5294,75.0000,72.0588,75.3782,73.5294,76.8487,89.7815,73.9559,6.0040,73.5294,68.5714,79.4118,88.2353,61.7647
ResNet101+DenseNet121_n_feat_UMAP_LinearSVM,ResNet101+DenseNet121_n_feat,UMAP,LinearSVM,150528.0,66.6807,82.3529,78.5714,80.8824,79.4118,79.7479,79.4118,79.4118,79.4118,82.3529,79.4118,79.4118,91.8487,78.9538,6.8217,79.4118,74.2857,85.2941,91.1765,55.8824
ResNet101+DenseNet121_n_feat_UMAP_MLP,ResNet101+DenseNet121_n_feat,UMAP,MLP,150528.0,73.9076,82.3529,81.1765,79.7059,80.8824,77.9412,76.8067,79.4118,76.4706,76.4706,55.8824,55.8824,89.2269,74.8424,11.1723,76.4706,71.4286,82.3529,91.1765,38.2353
ResNet101+DenseNet121_n_feat_UMAP_Logistic,ResNet101+DenseNet121_n_feat,UMAP,Logistic,150528.0,66.6807,80.8824,82.3529,82.3529,82.3529,81.1765,80.0000,80.8824,80.0000,81.1765,84.0756,79.7059,91.5630,80.5469,5.8839,80.0000,77.1429,85.2941,91.1765,62.8571
ResNet101+DenseNet121_n_feat_UMAP_RandomForest,ResNet101+DenseNet121_n_feat,UMAP,RandomForest,150528.0,75.0000,82.3529,84.0756,85.2941,83.8235,86.9748,85.2941,84.0756,83.8235,85.2941,85.2941,83.8235,90.6807,83.1989,5.6423,84.0756,80.0000,86.3445,94.1176,58.8235
ResNet101+DenseNet121_n_feat_UMAP_Adaboost,ResNet101+DenseNet121_n_feat,UMAP,Adaboost,150528.0,73.5294,73.5294,77.9412,80.8824,80.8824,82.3529,79.4118,79.4118,79.4118,80.8824,78.2773,79.4118,85.7311,78.4062,6.3671,79.4118,74.2857,82.3529,94.1176,47.0588
ResNet101+DenseNet121_n_feat_UMAP_Gaussian,ResNet101+DenseNet121_n_feat,UMAP,Gaussian,150528.0,67.6471,73.9076,76.4706,76.8067,79.4118,77.9412,79.4118,78.2353,76.8067,79.4118,77.9412,77.9412,65.4790,76.8382,6.6451,76.8067,73.5294,82.3529,91.1765,58.8235
ResNet101+DenseNet121_n_feat_ReliefF_PCC,ResNet101+DenseNet121_n_feat,ReliefF,PCC,150528.0,73.5294,79.4118,82.3529,83.8235,82.6471,85.2941,85.2941,83.8235,81.1765,82.3529,85.2941,83.8235,73.1260,81.9216,5.2793,82.3529,79.4118,85.2941,91.1765,65.7143
ResNet101+DenseNet121_n_feat_ReliefF_J48,ResNet101+DenseNet121_n_feat,ReliefF,J48,150528.0,77.9412,72.4790,78.2773,76.4706,79.7059,79.4118,79.4118,76.4706,79.4118,79.4118,79.4118,79.4118,74.8487,77.5812,6.5681,79.4118,73.5294,82.3529,91.1765,51.4286
ResNet101+DenseNet121_n_feat_ReliefF_RBF,ResNet101+DenseNet121_n_feat,ReliefF,RBF,150528.0,76.4706,79.4118,85.2941,85.2941,85.2941,89.7059,86.7647,88.2353,85.2941,83.8235,86.7647,85.2941,89.7815,84.1562,6.1395,85.2941,80.0000,88.2353,94.1176,65.7143
ResNet101+DenseNet121_n_feat_ReliefF_LinearSVM,ResNet101+DenseNet121_n_feat,ReliefF,LinearSVM,150528.0,72.0588,79.4118,85.2941,83.8235,86.7647,88.4454,86.9748,88.4033,85.2941,86.7647,85.2941,85.2941,91.8487,84.1057,7.1095,85.2941,80.0000,88.2353,97.0588,65.7143
ResNet101+DenseNet121_n_feat_ReliefF_MLP,ResNet101+DenseNet121_n_feat,ReliefF,MLP,150528.0,76.4706,80.8824,80.8824,82.3529,86.7647,85.5042,85.2941,85.2941,83.8235,83.8235,80.8824,83.8235,89.2269,82.6646,6.3037,82.3529,79.4118,88.2353,94.1176,65.7143
ResNet101+DenseNet121_n_feat_ReliefF_Logistic,ResNet101+DenseNet121_n_feat,ReliefF,Logistic,150528.0,73.5294,79.4118,81.1345,80.8824,88.2353,89.7059,88.2353,85.2941,86.9748,85.5042,83.8235,85.2941,91.5630,83.5427,6.7340,85.2941,79.4118,88.2353,97.0588,65.7143
ResNet101+DenseNet121_n_feat_ReliefF_RandomForest,ResNet101+DenseNet121_n_feat,ReliefF,RandomForest,150528.0,79.4118,77.9412,85.2941,85.2941,85.5042,88.2353,88.2353,91.1765,89.7059,88.2353,88.2353,89.7059,90.6807,85.9622,7.2376,88.2353,82.3529,91.1765,100.0000,57.1429
ResNet101+DenseNet121_n_feat_ReliefF_Adaboost,ResNet101+DenseNet121_n_feat,ReliefF,Adaboost,150528.0,79.4118,76.4706,77.9412,80.8824,79.4118,86.7647,82.6050,85.2941,85.2941,84.0756,85.2941,82.3529,85.7311,82.2122,6.6441,82.3529,78.8446,88.2353,94.1176,60.0000
ResNet101+DenseNet121_n_feat_ReliefF_Gaussian,ResNet101+DenseNet121_n_feat,ReliefF,Gaussian,150528.0,73.5294,76.8067,81.1765,82.3529,84.0756,85.5042,83.8235,85.2941,86.7647,83.8235,79.7059,80.0000,65.4790,82.0420,6.0057,82.3529,77.1429,85.3991,94.1176,64.7059
ResNet101+MobileNetV2_n_feat_PCA_PCC,ResNet101+MobileNetV2_n_feat,PCA,PCC,163072.0,69.1176,86.9748,88.4033,86.7647,86.7647,86.9748,85.5042,88.2353,82.3529,85.2941,82.3529,85.2941,71.1008,84.1302,6.7776,85.2941,80.0000,88.2353,97.0588,58.8235
ResNet101+MobileNetV2_n_feat_PCA_J48,ResNet101+MobileNetV2_n_feat,PCA,J48,163072.0,64.7059,83.8235,79.7059,78.2773,82.3529,80.0000,80.8824,79.4118,79.4118,82.6050,74.2857,80.8824,78.3529,78.6443,8.0260,79.4118,74.0966,82.8571,97.0588,47.0588
ResNet101+MobileNetV2_n_feat_PCA_RBF,ResNet101+MobileNetV2_n_feat,PCA,RBF,163072.0,72.4790,91.1765,91.1765,94.1176,94.1176,94.1176,94.1176,92.7731,92.6471,89.8740,89.8740,91.1765,89.4790,89.4958,7.4500,91.1765,85.7143,94.1176,100.0000,55.8824
ResNet101+MobileNetV2_n_feat_PCA_LinearSVM,ResNet101+MobileNetV2_n_feat,PCA,LinearSVM,163072.0,60.8403,91.1765,91.1765,92.6471,86.7647,86.7647,85.2941,86.9748,88.4033,91.3025,85.2941,89.7059,93.2857,85.7738,9.8555,88.2353,82.3529,91.1765,97.0588,52.9412
ResNet101+MobileNetV2_n_feat_PCA_MLP,ResNet101+MobileNetV2_n_feat,PCA,MLP,163072.0,70.5882,86.9748,83.8235,86.7647,85.5042,84.0756,85.5042,82.3529,85.2941,88.2353,80.8824,80.8824,89.4958,83.1709,7.0074,82.8571,79.4118,88.2353,97.0588,61.7647
ResNet101+MobileNetV2_n_feat_PCA_Logistic,ResNet101+MobileNetV2_n_feat,PCA,Logistic,163072.0,63.2353,89.7059,89.7059,91.1765,86.7647,85.5042,85.2941,86.7647,89.8740,91.1765,89.7059,89.7059,92.7059,85.8676,9.4839,88.2353,82.3529,91.1765,97.0588,50.0000
ResNet101+MobileNetV2_n_feat_PCA_RandomForest,ResNet101+MobileNetV2_n_feat,PCA,RandomForest,163072.0,68.1093,88.2353,88.2353,91.1765,91.1765,91.1765,92.6471,91.3025,91.3025,88.4033,86.7647,86.9748,88.3361,87.4811,7.3143,88.2353,85.2941,91.4286,97.0588,61.7647
ResNet101+MobileNetV2_n_feat_PCA_Adaboost,ResNet101+MobileNetV2_n_feat,PCA,Adaboost,163072.0,68.0673,88.2353,86.7647,89.7059,91.1765,88.4033,88.2353,88.2353,86.9748,86.7647,85.2941,88.2353,85.9748,86.1520,8.1613,88.2353,82.3529,91.1765,100.0000,52.9412
ResNet101+MobileNetV2_n_feat_PCA_Gaussian,ResNet101+MobileNetV2_n_feat,PCA,Gaussian,163072.0,72.4790,88.2353,85.5042,88.4033,88.2353,85.7143,77.9412,76.8067,73.5294,73.5294,71.0084,69.5798,70.1597,79.1926,8.6724,79.4118,73.5294,85.7143,94.1176,58.8235
ResNet101+MobileNetV2_n_feat_UMAP_PCC,ResNet101+MobileNetV2_n_feat,UMAP,PCC,163072.0,76.8067,81.4286,79.4118,79.4118,80.8824,78.2353,79.4118,83.8235,79.4118,82.3529,80.8824,83.8235,71.1008,80.6590,5.6734,79.4118,76.4706,85.2941,91.1765,64.7059
ResNet101+MobileNetV2_n_feat_UMAP_J48,ResNet101+MobileNetV2_n_feat,UMAP,J48,163072.0,76.4706,75.0000,79.4118,79.4118,78.2773,78.2773,80.8824,82.3529,76.8067,73.5294,75.7143,76.4706,78.3529,78.5819,6.1572,77.1429,74.2857,82.3529,94.2857,61.7647
ResNet101+MobileNetV2_n_feat_UMAP_RBF,ResNet101+MobileNetV2_n_feat,UMAP,RBF,163072.0,73.5294,76.4706,76.4706,77.9412,76.4706,75.0000,77.9412,76.4706,76.4706,76.4706,67.6471,75.0000,89.4790,73.3039,9.6573,76.4706,70.5882,79.4118,88.2353,40.0000
ResNet101+MobileNetV2_n_feat_UMAP_LinearSVM,ResNet101+MobileNetV2_n_feat,UMAP,LinearSVM,163072.0,54.4118,76.4706,78.2773,80.8824,79.4118,77.9412,79.7059,76.8067,79.4118,77.9412,77.1429,76.8067,93.2857,77.5875,9.1363,77.1429,76.4706,82.3529,91.1765,34.2857
ResNet101+MobileNetV2_n_feat_UMAP_MLP,ResNet101+MobileNetV2_n_feat,UMAP,MLP,163072.0,66.6807,83.8235,82.3529,82.3529,78.2773,76.4706,76.4706,76.4706,73.5294,70.5882,57.3529,66.6386,89.4958,73.6029,10.4550,76.4706,67.6471,80.0000,91.1765,37.1429
ResNet101+MobileNetV2_n_feat_UMAP_Logistic,ResNet101+MobileNetV2_n_feat,UMAP,Logistic,163072.0,55.8824,83.8235,82.3529,83.8235,83.8235,82.3529,82.8571,81.1765,82.6471,82.3529,82.3529,82.3529,92.7059,79.7178,9.9765,82.3529,77.1429,85.2941,91.4286,31.4286
ResNet101+MobileNetV2_n_feat_UMAP_RandomForest,ResNet101+MobileNetV2_n_feat,UMAP,RandomForest,163072.0,79.7059,84.0756,85.2941,84.0756,84.0756,85.5042,85.2941,84.0756,86.7647,85.2941,86.9748,84.0756,88.3361,85.0434,4.0674,85.2941,82.3529,88.2353,94.1176,70.5882
ResNet101+MobileNetV2_n_feat_UMAP_Adaboost,ResNet101+MobileNetV2_n_feat,UMAP,Adaboost,163072.0,79.4118,79.7059,88.2353,82.3529,83.8235,85.2941,85.2941,83.8235,83.8235,82.3529,82.3529,79.4118,85.9748,83.0588,5.0692,82.3529,79.4118,85.3991,94.1176,70.5882
ResNet101+MobileNetV2_n_feat_UMAP_Gaussian,ResNet101+MobileNetV2_n_feat,UMAP,Gaussian,163072.0,72.0588,84.0756,80.8824,81.1765,79.7059,80.8824,82.3529,82.6471,81.1765,82.6471,79.7059,79.4118,70.1597,79.9111,6.4192,79.4118,76.4706,85.2941,91.4286,58.8235
ResNet101+MobileNetV2_n_feat_ReliefF_PCC,ResNet101+MobileNetV2_n_feat,ReliefF,PCC,163072.0,76.4706,79.4118,83.8235,82.6050,82.3529,85.2941,88.2353,82.3529,81.1765,80.8824,83.8235,83.8235,71.1008,82.0322,6.0686,82.3529,77.1429,85.2941,97.0588,67.6471
ResNet101+MobileNetV2_n_feat_ReliefF_J48,ResNet101+MobileNetV2_n_feat,ReliefF,J48,163072.0,72.0588,76.4706,79.4118,79.4118,79.4118,79.7059,76.4706,79.4118,78.2773,79.4118,76.8067,80.8824,78.3529,78.6169,6.2912,79.4118,74.2857,82.3529,91.1765,60.0000
ResNet101+MobileNetV2_n_feat_ReliefF_RBF,ResNet101+MobileNetV2_n_feat,ReliefF,RBF,163072.0,77.9412,82.3529,82.6050,84.0756,86.7647,86.7647,88.2353,88.2353,88.2353,89.7059,91.1765,91.1765,89.4790,85.7311,5.4657,85.2941,82.3529,91.1765,94.1176,68.5714
ResNet101+MobileNetV2_n_feat_ReliefF_LinearSVM,ResNet101+MobileNetV2_n_feat,ReliefF,LinearSVM,163072.0,76.4706,82.3529,82.6471,83.8235,85.2941,86.7647,84.0756,86.7647,88.4033,86.9748,88.2353,88.2353,93.2857,84.5581,6.2020,85.2941,80.0000,88.2353,97.0588,62.8571
ResNet101+MobileNetV2_n_feat_ReliefF_MLP,ResNet101+MobileNetV2_n_feat,ReliefF,MLP,163072.0,79.4118,76.8067,79.4118,85.2941,85.2941,89.7059,88.2353,84.0756,84.0756,82.3529,82.3529,85.2941,89.4958,83.8242,6.3615,82.8571,79.4118,88.2353,97.0588,68.5714
ResNet101+MobileNetV2_n_feat_ReliefF_Logistic,ResNet101+MobileNetV2_n_feat,ReliefF,Logistic,163072.0,79.4118,82.3529,82.6471,82.6471,88.2353,88.2353,83.8235,85.5462,88.2353,89.7059,86.7647,88.2353,92.7059,84.7255,6.9132,85.2941,80.0000,91.1765,100.0000,62.8571
ResNet101+MobileNetV2_n_feat_ReliefF_RandomForest,ResNet101+MobileNetV2_n_feat,ReliefF,RandomForest,163072.0,75.0000,82.3529,85.2941,85.2941,85.2941,88.2353,89.7059,89.8740,89.8740,89.7059,89.7059,91.1765,88.3361,86.6548,6.1180,88.2353,82.8571,91.1765,97.0588,62.8571
ResNet101+MobileNetV2_n_feat_ReliefF_Adaboost,ResNet101+MobileNetV2_n_feat,ReliefF,Adaboost,163072.0,78.2773,79.7059,84.0756,83.8235,83.8235,83.8235,86.9748,88.4033,83.8235,85.2941,85.2941,83.8235,85.9748,83.2766,6.8531,85.2941,79.4118,88.2353,97.0588,62.8571
ResNet101+MobileNetV2_n_feat_ReliefF_Gaussian,ResNet101+MobileNetV2_n_feat,ReliefF,Gaussian,163072.0,76.8487,79.4118,81.1765,82.3529,85.2941,85.5462,86.9748,88.2353,86.9748,88.2353,85.2941,85.2941,70.1597,83.5910,5.8344,85.2941,79.4118,88.2353,94.1176,64.7059
EfficientNetB0+MobileNet_n_feat_PCA_PCC,EfficientNetB0+MobileNet_n_feat,PCA,PCC,112896.0,82.3529,88.2353,88.2353,88.2353,88.2353,88.2353,88.4033,86.7647,85.2941,79.4118,79.4118,76.4706,76.3277,84.7633,6.3551,85.2941,81.7647,88.2353,100.0000,70.5882
EfficientNetB0+MobileNet_n_feat_PCA_J48,EfficientNetB0+MobileNet_n_feat,PCA,J48,112896.0,79.4118,79.4118,82.6050,85.5042,85.2941,85.2941,86.7647,85.2941,82.3529,76.4706,79.7059,77.9412,69.5966,81.4272,5.7825,82.3529,76.9748,85.2941,100.0000,62.8571
EfficientNetB0+MobileNet_n_feat_PCA_RBF,EfficientNetB0+MobileNet_n_feat,PCA,RBF,112896.0,82.6050,88.4033,92.6471,92.6471,92.6471,89.8740,92.7731,92.6471,92.6471,94.1176,91.1765,91.1765,91.5210,91.1625,5.0633,91.1765,88.2353,94.2857,100.0000,73.5294
EfficientNetB0+MobileNet_n_feat_PCA_LinearSVM,EfficientNetB0+MobileNet_n_feat,PCA,LinearSVM,112896.0,82.3529,85.2941,91.1765,91.1765,91.1765,86.7647,89.8740,89.7059,88.2353,91.1765,91.1765,88.2353,94.1681,88.0693,5.2843,88.2353,85.2941,91.4286,97.0588,73.5294
EfficientNetB0+MobileNet_n_feat_PCA_MLP,EfficientNetB0+MobileNet_n_feat,PCA,MLP,112896.0,82.6050,86.7647,86.7647,86.9748,89.8740,86.7647,88.4033,86.7647,85.2941,85.5042,75.0000,73.5294,92.1176,84.5224,8.0000,85.2941,80.0000,88.5714,100.0000,48.5714
EfficientNetB0+MobileNet_n_feat_PCA_Logistic,EfficientNetB0+MobileNet_n_feat,PCA,Logistic,112896.0,84.0756,85.2941,89.7059,91.1765,88.2353,88.4033,91.1765,91.1765,88.2353,91.1765,91.1765,91.1765,93.5798,88.4433,5.4284,88.4033,85.2941,91.1765,97.0588,68.5714
EfficientNetB0+MobileNet_n_feat_PCA_RandomForest,EfficientNetB0+MobileNet_n_feat,PCA,RandomForest,112896.0,81.1765,85.5042,89.7059,88.4033,88.2353,88.2353,89.8740,89.8740,86.9748,85.2941,85.2941,85.2941,89.4790,87.0280,4.9647,88.2353,85.2941,91.1765,97.0588,70.5882
EfficientNetB0+MobileNet_n_feat_PCA_Adaboost,EfficientNetB0+MobileNet_n_feat,PCA,Adaboost,112896.0,85.2941,82.3529,89.8740,88.4033,85.5042,89.7059,86.7647,91.1765,86.7647,89.7059,88.2353,88.2353,86.8571,86.6688,5.9926,88.2353,82.3529,91.1765,97.0588,64.7059
EfficientNetB0+MobileNet_n_feat_PCA_Gaussian,EfficientNetB0+MobileNet_n_feat,PCA,Gaussian,112896.0,80.8824,88.2353,88.4033,82.6050,79.4118,79.4118,73.9076,72.4790,72.0588,75.0000,73.5294,73.5294,73.6891,77.9510,7.8248,76.4706,73.5294,82.3529,97.0588,61.7647
EfficientNetB0+MobileNet_n_feat_UMAP_PCC,EfficientNetB0+MobileNet_n_feat,UMAP,PCC,112896.0,76.8067,85.2941,83.8235,82.3529,82.3529,82.3529,83.8235,80.8824,83.8235,82.6050,85.2941,84.0756,76.3277,81.4909,5.5227,82.3529,78.8446,85.2941,91.4286,64.7059
EfficientNetB0+MobileNet_n_feat_UMAP_J48,EfficientNetB0+MobileNet_n_feat,UMAP,J48,112896.0,75.0000,76.8067,81.1765,76.8067,77.9412,79.4118,76.4706,73.5294,77.9412,75.3782,80.0000,85.2941,69.5966,77.9475,6.3544,77.1429,73.5294,82.8571,91.1765,60.0000
EfficientNetB0+MobileNet_n_feat_UMAP_RBF,EfficientNetB0+MobileNet_n_feat,UMAP,RBF,112896.0,77.9412,76.4706,79.4118,70.5882,70.5882,69.1176,73.5294,69.1176,66.1765,55.8824,60.2942,50.0000,91.5210,67.1681,12.6686,69.5798,56.8278,76.4706,94.1176,34.2857
EfficientNetB0+MobileNet_n_feat_UMAP_LinearSVM,EfficientNetB0+MobileNet_n_feat,UMAP,LinearSVM,112896.0,63.2353,73.5294,77.9412,69.5798,72.4790,76.8487,72.0588,73.5294,75.0000,73.5294,70.5882,71.0504,94.1681,73.9412,8.2213,73.5294,68.3403,79.4118,94.1176,55.8824
EfficientNetB0+MobileNet_n_feat_UMAP_MLP,EfficientNetB0+MobileNet_n_feat,UMAP,MLP,112896.0,69.1176,80.8824,82.6050,79.4118,70.5882,79.6638,76.4706,73.5294,63.7815,52.9412,52.9412,50.7143,92.1176,68.3046,13.5966,70.5882,58.4034,79.4118,88.5714,34.2857
EfficientNetB0+MobileNet_n_feat_UMAP_Logistic,EfficientNetB0+MobileNet_n_feat,UMAP,Logistic,112896.0,61.7647,72.4790,82.3529,78.2353,80.8824,83.8235,81.1765,80.8824,82.3529,77.9412,81.1345,79.4118,93.5798,78.4986,8.5391,79.4118,73.5294,85.2941,94.1176,45.7143
EfficientNetB0+MobileNet_n_feat_UMAP_RandomForest,EfficientNetB0+MobileNet_n_feat,UMAP,RandomForest,112896.0,77.9412,88.2353,88.2353,89.7059,86.9748,88.4033,88.5714,88.4033,85.2941,88.2353,88.4033,88.4454,89.4790,86.5903,5.6398,88.2353,82.3529,91.1765,97.0588,68.5714
EfficientNetB0+MobileNet_n_feat_UMAP_Adaboost,EfficientNetB0+MobileNet_n_feat,UMAP,Adaboost,112896.0,75.0000,82.6050,81.1765,85.2941,82.3529,86.7647,83.8235,86.7647,85.2941,82.6050,83.8235,88.2353,86.8571,83.2010,6.3827,85.2941,79.4118,88.2353,94.1176,64.7059
EfficientNetB0+MobileNet_n_feat_UMAP_Gaussian,EfficientNetB0+MobileNet_n_feat,UMAP,Gaussian,112896.0,72.4369,82.3529,79.7059,82.3529,82.6050,82.6050,84.0756,85.2941,84.0756,83.8235,84.0756,83.8235,73.6891,81.9328,5.4833,82.3529,79.4118,85.2941,91.4286,58.8235
EfficientNetB0+MobileNet_n_feat_ReliefF_PCC,EfficientNetB0+MobileNet_n_feat,ReliefF,PCC,112896.0,67.6471,76.4706,79.4118,79.4118,80.8824,79.4118,82.3529,79.4118,76.8067,71.4286,68.5714,65.2101,76.3277,76.2108,7.3103,76.4706,70.5882,80.0000,91.4286,58.8235
EfficientNetB0+MobileNet_n_feat_ReliefF_J48,EfficientNetB0+MobileNet_n_feat,ReliefF,J48,112896.0,60.2941,68.1093,71.0084,77.9411,76.8067,76.8067,79.4118,79.7059,78.2773,77.9412,77.9412,78.2773,69.5966,75.1331,8.9540,76.4706,70.5882,82.3529,91.1765,41.1765
EfficientNetB0+MobileNet_n_feat_ReliefF_RBF,EfficientNetB0+MobileNet_n_feat,ReliefF,RBF,112896.0,70.5882,76.8067,80.8824,82.3529,85.2941,85.2941,88.2353,88.4033,89.7059,89.7059,91.1765,89.7059,91.5210,84.7465,7.1921,85.2941,79.4118,91.1765,97.0588,58.8235
EfficientNetB0+MobileNet_n_feat_ReliefF_LinearSVM,EfficientNetB0+MobileNet_n_feat,ReliefF,LinearSVM,112896.0,64.7059,79.4118,80.8824,82.3529,82.6050,82.3529,86.7647,86.9748,88.2353,86.7647,91.1765,91.1765,94.1681,83.5301,8.0672,85.2941,79.4118,88.2353,97.0588,55.8824
EfficientNetB0+MobileNet_n_feat_ReliefF_MLP,EfficientNetB0+MobileNet_n_feat,ReliefF,MLP,112896.0,70.5882,75.3782,76.4706,80.8824,80.8824,85.2941,88.2353,88.2353,88.2353,86.7647,86.7647,88.2353,92.1176,83.1365,7.2058,85.2941,76.9748,88.2353,100.0000,64.7059
EfficientNetB0+MobileNet_n_feat_ReliefF_Logistic,EfficientNetB0+MobileNet_n_feat,ReliefF,Logistic,112896.0,68.1093,77.9412,80.8824,80.8824,81.1765,85.2941,85.2941,85.2941,86.7647,89.7059,88.2353,91.1765,93.5798,83.8452,7.4319,84.0756,79.4118,88.2353,97.0588,58.8235
EfficientNetB0+MobileNet_n_feat_ReliefF_RandomForest,EfficientNetB0+MobileNet_n_feat,ReliefF,RandomForest,112896.0,65.2101,79.4118,80.8824,81.1765,82.3529,83.8235,88.5714,88.2353,91.1765,88.4033,88.4033,88.4454,89.4790,83.8837,9.0245,85.2941,79.4118,91.1765,97.0588,41.1765
EfficientNetB0+MobileNet_n_feat_ReliefF_Adaboost,EfficientNetB0+MobileNet_n_feat,ReliefF,Adaboost,112896.0,65.7143,72.4790,82.3529,82.3529,82.3529,80.8824,83.8235,86.7647,88.4033,85.5042,82.6050,86.7647,86.8571,81.4006,8.3753,82.3529,76.4706,88.2353,97.0588,52.9412
EfficientNetB0+MobileNet_n_feat_ReliefF_Gaussian,EfficientNetB0+MobileNet_n_feat,ReliefF,Gaussian,112896.0,67.6471,78.2773,76.4706,79.4118,82.3529,85.2941,85.5042,86.7647,86.7647,86.7647,89.7059,88.2353,73.6891,82.2318,8.3453,82.3529,77.1429,88.3193,94.2857,55.8824
MobileNet+ResNet50_n_feat_PCA_PCC,MobileNet+ResNet50_n_feat,PCA,PCC,150528.0,66.1765,85.2941,85.5042,86.7647,82.8571,85.2941,86.7647,82.6050,83.8235,82.3529,80.8824,79.4118,75.1765,82.7367,7.6347,82.8571,79.4118,88.2353,97.0588,47.0588
MobileNet+ResNet50_n_feat_PCA_J48,MobileNet+ResNet50_n_feat,PCA,J48,150528.0,60.2941,82.3529,85.2941,79.4118,82.3529,81.1765,80.8824,79.4118,77.9412,76.4706,77.9412,76.4706,75.4370,77.9342,7.9188,79.4118,74.2857,82.3529,91.1765,50.0000
MobileNet+ResNet50_n_feat_PCA_RBF,MobileNet+ResNet50_n_feat,PCA,RBF,150528.0,67.6471,91.1765,91.1765,92.6471,92.7731,94.1176,94.2017,92.7731,92.7731,91.3025,91.1765,88.4033,90.6219,89.7332,8.1099,91.1765,88.2353,94.1176,100.0000,58.8235
MobileNet+ResNet50_n_feat_PCA_LinearSVM,MobileNet+ResNet50_n_feat,PCA,LinearSVM,150528.0,56.5126,86.9327,91.1765,92.6471,88.4033,89.8740,85.2941,91.1765,91.1765,88.2353,88.2353,89.8740,93.8655,86.1786,10.5026,88.5714,85.2941,91.1765,100.0000,47.0588
MobileNet+ResNet50_n_feat_PCA_MLP,MobileNet+ResNet50_n_feat,PCA,MLP,150528.0,67.6471,88.2353,86.7647,86.7647,85.2941,91.1765,89.8740,89.8740,83.8235,85.2941,81.1345,76.4706,87.4118,83.2367,8.6790,85.2941,79.4118,89.2227,97.1429,55.8824
MobileNet+ResNet50_n_feat_PCA_Logistic,MobileNet+ResNet50_n_feat,PCA,Logistic,150528.0,51.4706,86.9748,91.1765,92.6471,91.1765,86.9327,86.7647,91.1765,88.2353,88.2353,91.1765,91.1765,93.2773,86.3774,11.6405,88.5714,85.2941,94.1176,100.0000,34.2857
MobileNet+ResNet50_n_feat_PCA_RandomForest,MobileNet+ResNet50_n_feat,PCA,RandomForest,150528.0,68.1093,88.2353,89.7059,89.7059,91.1765,91.1765,91.1764,94.1176,89.7059,88.4033,84.2857,85.2941,90.3529,86.9650,8.1396,88.2353,82.3529,94.1176,100.0000,58.8235
MobileNet+ResNet50_n_feat_PCA_Adaboost,MobileNet+ResNet50_n_feat,PCA,Adaboost,150528.0,67.6471,83.8235,85.2941,89.7059,88.4033,88.2353,88.2353,91.3445,88.2353,88.2353,85.5042,88.2353,90.6555,86.0392,8.4370,88.2353,82.3529,91.1765,97.0588,55.8824
MobileNet+ResNet50_n_feat_PCA_Gaussian,MobileNet+ResNet50_n_feat,PCA,Gaussian,150528.0,64.7059,85.5042,85.7143,89.8740,88.4033,85.7143,82.6050,77.9412,75.0000,72.4790,72.4790,73.5294,71.5966,79.4258,9.5830,79.4118,71.4286,85.7143,100.0000,61.7647
MobileNet+ResNet50_n_feat_UMAP_PCC,MobileNet+ResNet50_n_feat,UMAP,PCC,150528.0,75.3782,80.0000,79.4118,79.4118,79.7059,80.8824,81.1765,79.4118,79.4118,79.4118,80.8824,79.7059,75.1765,79.2528,4.9104,79.4118,76.4706,82.3529,88.2353,58.8235
MobileNet+ResNet50_n_feat_UMAP_J48,MobileNet+ResNet50_n_feat,UMAP,J48,150528.0,64.7059,76.4706,73.9076,77.9412,76.8067,75.0000,79.7059,79.4118,76.4706,76.4706,80.8824,79.4118,75.4370,75.7143,7.6760,76.4706,70.5882,82.3529,91.4286,50.0000
MobileNet+ResNet50_n_feat_UMAP_RBF,MobileNet+ResNet50_n_feat,UMAP,RBF,150528.0,70.5882,76.4706,75.0000,75.0000,73.5294,73.5294,73.5294,73.5294,75.0000,73.5294,73.5294,69.1176,90.6219,72.0546,6.0548,73.5294,70.0840,76.4706,82.3529,45.7143
MobileNet+ResNet50_n_feat_UMAP_LinearSVM,MobileNet+ResNet50_n_feat,UMAP,LinearSVM,150528.0,67.6471,73.9076,76.4706,76.4706,76.4706,77.9412,76.4706,76.4706,78.2353,76.4706,77.9412,77.9412,93.8655,75.9762,5.1264,76.4706,71.4286,79.4118,85.2941,61.7647
MobileNet+ResNet50_n_feat_UMAP_MLP,MobileNet+ResNet50_n_feat,UMAP,MLP,150528.0,69.5798,78.2773,78.2353,79.4118,78.2773,76.4706,76.8067,70.5882,69.1176,71.0084,63.2353,65.2101,87.4118,72.2241,9.2823,73.5294,65.7143,79.4118,88.2353,40.0000
MobileNet+ResNet50_n_feat_UMAP_Logistic,MobileNet+ResNet50_n_feat,UMAP,Logistic,150528.0,67.6471,76.4706,80.8824,79.7059,82.3529,82.3529,82.3529,80.8824,82.3529,76.8067,81.1765,82.6050,93.2773,79.7178,6.0027,79.4118,76.4706,82.8571,91.1765,61.7647
MobileNet+ResNet50_n_feat_UMAP_RandomForest,MobileNet+ResNet50_n_feat,UMAP,RandomForest,150528.0,70.5882,86.9748,85.2941,85.2941,85.2941,85.2941,85.2941,84.0756,82.3529,86.9748,85.5042,84.0756,90.3529,83.9069,5.6795,85.2941,82.3529,88.2353,94.2857,58.8235
MobileNet+ResNet50_n_feat_UMAP_Adaboost,MobileNet+ResNet50_n_feat,UMAP,Adaboost,150528.0,73.5294,85.2941,83.8235,85.2941,79.4118,84.0756,85.2941,85.5042,83.8235,79.7059,82.3529,82.6050,90.6555,81.7332,5.8670,82.3529,77.1429,85.2941,94.2857,64.7059
MobileNet+ResNet50_n_feat_UMAP_Gaussian,MobileNet+ResNet50_n_feat,UMAP,Gaussian,150528.0,70.5882,76.8067,78.2773,80.8824,76.4706,79.4118,79.4118,79.4118,78.2773,79.4118,81.1765,79.4118,71.5966,78.1141,4.9043,79.4118,74.2857,82.3529,88.5714,64.7059
MobileNet+ResNet50_n_feat_ReliefF_PCC,MobileNet+ResNet50_n_feat,ReliefF,PCC,150528.0,78.2773,80.8824,83.8235,85.2941,81.1765,80.8824,82.3529,76.8067,76.4706,76.4706,76.4706,77.9412,75.1765,80.8950,7.3294,79.4118,76.4706,85.2941,97.0588,61.7647
MobileNet+ResNet50_n_feat_ReliefF_J48,MobileNet+ResNet50_n_feat,ReliefF,J48,150528.0,76.4706,79.4118,78.2773,79.7059,78.2773,76.8067,78.2773,79.4118,79.4118,82.3529,79.4118,80.8824,75.4370,78.6254,6.8512,79.4118,73.5294,83.4664,91.1765,58.8235
MobileNet+ResNet50_n_feat_ReliefF_RBF,MobileNet+ResNet50_n_feat,ReliefF,RBF,150528.0,73.9076,85.2941,86.7647,88.2353,88.2353,91.1765,91.1765,91.1765,91.1765,91.1765,89.7059,91.1764,90.6219,87.9005,6.3641,88.2353,82.8571,92.1009,100.0000,67.6471
MobileNet+ResNet50_n_feat_ReliefF_LinearSVM,MobileNet+ResNet50_n_feat,ReliefF,LinearSVM,150528.0,75.0000,85.2941,85.5042,88.2353,86.9748,88.2353,85.5042,88.2353,88.2353,91.1765,89.7059,92.6471,93.8655,86.5875,6.6569,88.2353,82.3529,91.1765,100.0000,65.7143
MobileNet+ResNet50_n_feat_ReliefF_MLP,MobileNet+ResNet50_n_feat,ReliefF,MLP,150528.0,78.2773,85.2941,86.9748,88.2353,85.2941,91.1765,89.7059,88.2353,88.2353,86.7647,85.7143,89.8740,87.4118,86.6036,5.4185,88.2353,82.8571,91.1765,97.0588,70.5882
MobileNet+ResNet50_n_feat_ReliefF_Logistic,MobileNet+ResNet50_n_feat,ReliefF,Logistic,150528.0,73.5294,84.0756,85.5042,86.7647,88.2353,88.4033,88.2353,86.9748,88.2353,88.4033,89.7059,92.7731,93.2773,86.1730,6.6657,88.2353,82.3529,91.1765,100.0000,65.7143
MobileNet+ResNet50_n_feat_ReliefF_RandomForest,MobileNet+ResNet50_n_feat,ReliefF,RandomForest,150528.0,76.4706,79.7059,88.2353,89.7059,91.1764,88.2353,91.1765,91.1765,91.1765,91.1765,91.3025,91.1765,90.3529,88.0980,6.1068,88.5714,85.2941,91.4286,100.0000,70.5882
MobileNet+ResNet50_n_feat_ReliefF_Adaboost,MobileNet+ResNet50_n_feat,ReliefF,Adaboost,150528.0,78.2773,84.0756,85.2941,85.2941,85.2941,86.7647,91.1765,89.7059,88.2353,91.1765,88.5714,89.8320,90.6555,86.6211,5.6832,88.2353,82.3529,91.1765,100.0000,70.5882
MobileNet+ResNet50_n_feat_ReliefF_Gaussian,MobileNet+ResNet50_n_feat,ReliefF,Gaussian,150528.0,73.5294,85.2941,86.7647,86.9748,86.7647,91.1765,88.2353,88.4033,88.4033,88.5714,88.2353,88.2353,71.5966,86.1596,6.4440,88.2353,82.3529,91.1765,97.0588,64.7059
Xception+ResNet50_n_feat_PCA_PCC,Xception+ResNet50_n_feat,PCA,PCC,305152.0,69.5798,88.5714,82.3529,84.0756,83.8235,84.0756,82.6050,82.6050,82.3529,81.1765,81.1765,81.1345,78.1886,81.9391,7.1000,82.3529,79.4118,85.7143,94.1176,55.8824
Xception+ResNet50_n_feat_PCA_J48,Xception+ResNet50_n_feat,PCA,J48,305152.0,61.7647,82.6050,78.5714,82.6050,79.4118,76.8487,76.4706,77.9412,76.8067,75.3362,73.9076,71.0084,74.5882,76.0084,8.0858,76.4706,71.4286,82.3529,91.1765,41.1765
Xception+ResNet50_n_feat_PCA_RBF,Xception+ResNet50_n_feat,PCA,RBF,305152.0,67.6471,89.8740,91.1765,91.1765,91.1765,91.1765,92.7731,91.4286,91.1765,89.8740,91.4286,91.4286,90.6386,88.8417,7.7211,91.1765,88.2353,94.1176,97.0588,58.8235
Xception+ResNet50_n_feat_PCA_LinearSVM,Xception+ResNet50_n_feat,PCA,LinearSVM,305152.0,68.1093,88.2353,88.2353,85.5042,91.1765,86.7647,88.2353,89.8740,88.2353,88.2353,91.1765,89.7059,93.0000,86.0399,7.9487,88.2353,82.8571,91.1765,100.0000,54.2857
Xception+ResNet50_n_feat_PCA_MLP,Xception+ResNet50_n_feat,PCA,MLP,305152.0,68.1093,85.2941,86.7647,85.5042,82.6050,88.2353,88.4033,85.2941,84.0756,80.8824,78.2773,78.2773,90.9412,82.6737,7.7925,82.8571,79.4118,88.2353,97.0588,55.8824
Xception+ResNet50_n_feat_PCA_Logistic,Xception+ResNet50_n_feat,PCA,Logistic,305152.0,70.5882,85.5042,88.2353,88.2353,92.6471,89.7059,88.2353,91.1765,88.4033,88.2353,91.1765,89.7059,93.5798,86.7192,7.8357,88.2353,82.8571,91.1765,100.0000,57.1429
Xception+ResNet50_n_feat_PCA_RandomForest,Xception+ResNet50_n_feat,PCA,RandomForest,305152.0,64.7059,91.1765,88.2353,91.1765,88.2353,88.4454,88.2353,88.4033,88.2353,86.7647,85.2941,88.2353,89.2185,86.0672,8.5629,88.2353,82.3529,91.1765,97.0588,50.0000
Xception+ResNet50_n_feat_PCA_Adaboost,Xception+ResNet50_n_feat,PCA,Adaboost,305152.0,63.2353,85.2941,84.0756,85.5042,88.2353,88.2353,88.2353,85.2941,81.4286,88.2353,88.2353,83.8235,88.3529,84.5161,8.2514,85.2941,82.3529,89.2227,97.0588,51.4286
Xception+ResNet50_n_feat_PCA_Gaussian,Xception+ResNet50_n_feat,PCA,Gaussian,305152.0,66.6807,85.2941,83.8235,85.2941,85.5042,79.7059,79.4118,75.3782,68.5714,70.5882,71.0084,72.0588,71.0504,76.8880,8.3495,76.4706,70.5882,85.2941,94.1176,57.1429
Xception+ResNet50_n_feat_UMAP_PCC,Xception+ResNet50_n_feat,UMAP,PCC,305152.0,70.5882,82.3529,82.3529,82.3529,82.3529,82.3529,84.0756,81.1765,82.6050,82.6050,82.3529,82.3529,78.1886,81.5455,5.8745,82.3529,78.8446,85.2941,94.1176,60.0000
Xception+ResNet50_n_feat_UMAP_J48,Xception+ResNet50_n_feat,UMAP,J48,305152.0,70.5882,81.1765,76.4706,85.2941,76.4706,79.4118,79.4118,82.3529,78.2773,79.7479,79.4118,79.4118,74.5882,78.6429,7.0947,79.4118,75.7353,82.8571,97.0588,61.7647
Xception+ResNet50_n_feat_UMAP_RBF,Xception+ResNet50_n_feat,UMAP,RBF,305152.0,76.4706,76.4706,73.5294,72.0588,72.0588,75.0000,72.0588,72.0588,72.0588,75.0000,73.5294,67.6471,90.6386,72.2563,7.1024,73.5294,67.6471,76.4706,82.8571,45.7143
Xception+ResNet50_n_feat_UMAP_LinearSVM,Xception+ResNet50_n_feat,UMAP,LinearSVM,305152.0,68.1093,79.4118,79.4118,77.9412,77.9412,79.4118,77.9412,80.8824,82.3529,79.4118,80.8824,80.8824,93.0000,78.0644,5.0719,79.4118,76.4706,82.3529,88.2353,64.7059
Xception+ResNet50_n_feat_UMAP_MLP,Xception+ResNet50_n_feat,UMAP,MLP,305152.0,69.5798,82.3529,79.4118,75.3782,76.8067,79.7059,79.4118,77.9412,69.1176,72.0588,61.7647,57.9412,90.9412,73.0147,10.5653,76.4706,68.5714,79.4118,88.2353,32.3529
Xception+ResNet50_n_feat_UMAP_Logistic,Xception+ResNet50_n_feat,UMAP,Logistic,305152.0,67.6471,82.3529,83.8235,82.3529,79.4118,80.8824,82.3529,80.8824,83.8235,80.8824,83.8235,82.3529,93.5798,80.2850,5.6565,82.3529,79.4118,85.2941,91.1765,64.7059
Xception+ResNet50_n_feat_UMAP_RandomForest,Xception+ResNet50_n_feat,UMAP,RandomForest,305152.0,78.2773,86.9748,86.7647,88.2353,84.0756,86.7647,86.9748,85.2941,85.2941,88.2353,85.5042,88.2353,89.2185,85.9076,5.4636,85.5042,82.3529,88.2353,97.0588,65.7143
Xception+ResNet50_n_feat_UMAP_Adaboost,Xception+ResNet50_n_feat,UMAP,Adaboost,305152.0,78.2773,80.8824,83.8235,84.0336,86.7647,86.7647,85.5042,88.2353,85.5042,82.6050,85.5042,85.2941,88.3529,84.4111,5.5463,85.2941,79.4118,88.2353,97.0588,70.5882
Xception+ResNet50_n_feat_UMAP_Gaussian,Xception+ResNet50_n_feat,UMAP,Gaussian,305152.0,68.5714,76.4706,79.4118,79.4118,77.9412,79.4118,79.4118,77.9412,79.4118,82.3529,76.4706,79.4118,71.0504,78.0532,6.0154,76.4706,73.5294,82.3529,88.5714,64.7059
Xception+ResNet50_n_feat_ReliefF_PCC,Xception+ResNet50_n_feat,ReliefF,PCC,305152.0,75.0000,80.8824,79.4118,82.3529,82.3529,82.3529,85.5042,81.1765,82.3529,81.1765,81.1765,79.4118,78.1886,81.0497,6.3879,82.3529,76.4706,85.2941,97.0588,67.6471
Xception+ResNet50_n_feat_ReliefF_J48,Xception+ResNet50_n_feat,ReliefF,J48,305152.0,73.9496,76.4706,83.8235,82.3529,80.8824,77.1429,79.4118,80.8824,82.6471,82.6050,81.1345,82.3529,74.5882,79.9552,7.3233,79.4118,74.2857,85.2941,97.0588,58.8235
Xception+ResNet50_n_feat_ReliefF_RBF,Xception+ResNet50_n_feat,ReliefF,RBF,305152.0,76.4706,80.8824,83.8235,88.2353,85.5042,86.9748,85.2941,88.2353,88.2353,88.2353,85.5042,88.2353,90.6386,85.4181,6.1331,85.5042,82.3529,88.2353,100.0000,70.5882
Xception+ResNet50_n_feat_ReliefF_LinearSVM,Xception+ResNet50_n_feat,ReliefF,LinearSVM,305152.0,69.5798,82.3529,84.0756,82.6050,85.2941,86.7647,86.7647,88.2353,88.4033,91.1765,91.1765,89.8740,93.0000,86.1085,7.4366,85.7143,82.3529,91.1765,100.0000,61.7647
Xception+ResNet50_n_feat_ReliefF_MLP,Xception+ResNet50_n_feat,ReliefF,MLP,305152.0,76.4706,85.2941,85.2941,85.5042,82.6050,85.2941,86.7647,83.8235,86.9748,84.2857,88.2353,85.7143,90.9412,84.0287,5.8533,85.2941,79.4118,88.2353,97.0588,67.6471
Xception+ResNet50_n_feat_ReliefF_Logistic,Xception+ResNet50_n_feat,ReliefF,Logistic,305152.0,73.5294,83.8235,84.0756,85.2941,84.0756,85.2941,85.2941,85.2941,85.2941,88.2353,88.2353,89.7059,93.5798,84.8634,6.1314,85.2941,81.7647,88.2353,100.0000,70.5882
Xception+ResNet50_n_feat_ReliefF_RandomForest,Xception+ResNet50_n_feat,ReliefF,RandomForest,305152.0,76.4706,85.2941,86.7647,86.9748,89.7059,89.8740,89.7059,88.5714,89.8740,89.8740,91.3445,91.3025,89.2185,87.5889,5.8385,88.2353,85.2941,91.1765,97.0588,64.7059
Xception+ResNet50_n_feat_ReliefF_Adaboost,Xception+ResNet50_n_feat,ReliefF,Adaboost,305152.0,72.4790,82.3529,82.3529,84.0336,85.2941,85.2941,86.9748,83.8235,85.2941,86.7647,85.5042,89.7059,88.3529,84.0196,6.3024,85.2941,79.4118,88.2353,97.0588,65.7143
Xception+ResNet50_n_feat_ReliefF_Gaussian,Xception+ResNet50_n_feat,ReliefF,Gaussian,305152.0,72.0588,82.3529,82.6050,82.6050,84.0756,86.7647,86.7647,85.5042,85.7143,85.5042,85.2941,85.5042,71.0504,83.0014,6.7344,84.0756,76.4706,88.2353,94.1176,68.5714
VGG16+VGG19_n_feat_PCA_PCC,VGG16+VGG19_n_feat,PCA,PCC,50176.0,54.4118,82.3529,85.5042,80.8824,79.4118,81.1765,80.8824,79.4118,78.2773,76.4706,75.0000,72.0588,62.0252,76.3810,9.9892,79.4118,71.4286,82.3529,94.1176,41.1765
VGG16+VGG19_n_feat_PCA_J48,VGG16+VGG19_n_feat,PCA,J48,50176.0,53.6135,78.2773,76.4706,75.0000,73.9076,73.9076,79.7059,73.9496,73.5294,70.5882,73.9076,73.5294,70.7899,73.1877,8.8126,73.5294,67.6471,79.5589,91.1765,47.0588
VGG16+VGG19_n_feat_PCA_RBF,VGG16+VGG19_n_feat,PCA,RBF,50176.0,54.2857,86.9748,89.7059,85.5042,88.2353,88.2353,89.7059,89.7059,89.7059,88.2353,88.2353,88.2353,85.1261,83.7080,10.7061,88.2353,79.4118,91.1765,94.1176,44.1176
VGG16+VGG19_n_feat_PCA_LinearSVM,VGG16+VGG19_n_feat,PCA,LinearSVM,50176.0,50.0000,86.7647,85.5042,85.2941,88.4033,85.5042,85.2941,85.5042,85.5042,82.3529,88.2353,88.4033,90.3697,83.3536,10.7793,85.2941,82.3529,91.1765,97.0588,44.1176
VGG16+VGG19_n_feat_PCA_MLP,VGG16+VGG19_n_feat,PCA,MLP,50176.0,55.8824,83.8235,82.3529,82.3529,83.8235,85.5042,85.5042,85.5042,82.6050,81.1765,80.8824,73.5294,73.1345,79.4223,10.4811,82.3529,76.4706,86.3445,94.1176,41.1765
VGG16+VGG19_n_feat_PCA_Logistic,VGG16+VGG19_n_feat,PCA,Logistic,50176.0,52.9412,86.7647,85.4622,86.9748,86.7647,85.2941,84.0756,86.9748,87.1428,82.8571,86.9327,88.4033,90.3697,83.5252,10.6303,85.2941,82.3529,91.1765,100.0000,44.1176
VGG16+VGG19_n_feat_PCA_RandomForest,VGG16+VGG19_n_feat,PCA,RandomForest,50176.0,52.9412,85.2941,85.2941,86.7647,85.2941,85.2941,83.8235,86.7647,83.8235,79.7059,78.2773,80.8824,88.3025,80.6464,10.9057,85.2941,76.4706,88.2353,97.0588,41.1765
VGG16+VGG19_n_feat_PCA_Adaboost,VGG16+VGG19_n_feat,PCA,Adaboost,50176.0,54.4118,82.3529,84.0756,82.3529,85.2941,83.8235,79.7059,78.2773,83.8235,85.2941,80.8824,82.3529,80.9916,79.8018,9.4337,82.3529,76.4706,85.2941,97.0588,44.1176
VGG16+VGG19_n_feat_PCA_Gaussian,VGG16+VGG19_n_feat,PCA,Gaussian,50176.0,52.9412,75.0000,68.1513,68.1093,67.6471,63.7815,64.7059,64.7059,64.7059,67.6471,68.1513,68.1513,70.4370,67.5056,9.5571,67.6471,61.7647,73.5294,88.2353,41.1765
VGG16+VGG19_n_feat_UMAP_PCC,VGG16+VGG19_n_feat,UMAP,PCC,50176.0,61.7647,72.0588,72.0588,75.3782,72.0588,72.0588,73.9076,75.0000,73.9076,73.9076,76.4706,76.4706,62.0252,72.5070,6.8193,73.5294,67.6471,76.4706,88.5714,55.8824
VGG16+VGG19_n_feat_UMAP_J48,VGG16+VGG19_n_feat,UMAP,J48,50176.0,52.9412,68.1093,64.7059,63.7815,71.0084,66.6386,66.1765,64.7059,66.1765,65.2101,66.1765,64.7059,70.7899,64.7864,8.9667,64.7059,58.8235,70.5882,85.2941,32.3529
VGG16+VGG19_n_feat_UMAP_RBF,VGG16+VGG19_n_feat,UMAP,RBF,50176.0,64.7059,66.1765,51.4706,51.4706,54.4118,50.0000,50.0000,50.0000,50.0000,50.0000,50.0000,50.0000,85.1261,51.8578,9.6207,52.9412,49.2647,56.6177,77.1429,34.2857
VGG16+VGG19_n_feat_UMAP_LinearSVM,VGG16+VGG19_n_feat,UMAP,LinearSVM,50176.0,52.9412,70.5882,69.5798,70.5882,70.0000,69.5798,70.5882,69.1176,71.0084,72.0588,70.5882,71.4286,90.3697,68.6765,7.2026,70.5882,64.7059,73.5294,79.4118,34.2857
VGG16+VGG19_n_feat_UMAP_MLP,VGG16+VGG19_n_feat,UMAP,MLP,50176.0,63.2353,71.0084,72.4790,71.0084,66.6807,69.5378,60.0000,63.2353,50.0000,51.4706,48.5294,57.9832,73.1345,61.8277,10.3646,64.7059,52.9412,70.5882,79.4118,34.2857
VGG16+VGG19_n_feat_UMAP_Logistic,VGG16+VGG19_n_feat,UMAP,Logistic,50176.0,52.1849,69.5798,70.5882,72.4790,72.4790,73.9076,70.5882,73.5294,76.8067,76.4706,76.4706,75.3782,90.3697,70.9727,8.4119,73.5294,67.6471,76.4706,85.2941,40.0000
VGG16+VGG19_n_feat_UMAP_RandomForest,VGG16+VGG19_n_feat,UMAP,RandomForest,50176.0,55.8824,75.0000,74.2857,72.0588,78.2773,75.0000,76.4706,76.4706,77.9412,76.4706,76.4706,78.2773,88.3025,74.4720,7.8892,76.4706,70.5882,79.4118,88.5714,52.9412
VGG16+VGG19_n_feat_UMAP_Adaboost,VGG16+VGG19_n_feat,UMAP,Adaboost,50176.0,58.8235,69.5798,69.1176,69.1176,69.5798,67.6471,75.0000,69.1176,72.4790,73.9076,72.0588,75.3782,80.9916,69.8396,7.8284,70.5882,64.7059,76.4706,88.2353,47.0588
VGG16+VGG19_n_feat_UMAP_Gaussian,VGG16+VGG19_n_feat,UMAP,Gaussian,50176.0,56.5126,72.0588,70.5882,72.0588,73.5294,73.5294,73.5294,72.0588,73.5294,70.5882,73.5294,73.5294,70.4370,70.5791,7.4712,73.5294,67.6471,74.2857,82.8571,44.1176
VGG16+VGG19_n_feat_ReliefF_PCC,VGG16+VGG19_n_feat,ReliefF,PCC,50176.0,63.7815,73.5294,75.0000,75.3362,76.8067,72.0588,73.5294,73.5294,75.3782,71.0084,65.2101,63.7815,62.0252,71.3480,8.1737,73.5294,64.7059,76.4706,94.1176,51.4286
VGG16+VGG19_n_feat_ReliefF_J48,VGG16+VGG19_n_feat,ReliefF,J48,50176.0,64.7059,66.1765,72.4790,73.5294,76.4706,72.8572,73.9496,72.0588,74.2857,75.0000,73.5294,70.5882,70.7899,72.5756,7.3626,72.4790,67.6471,77.7101,85.2941,51.4286
VGG16+VGG19_n_feat_ReliefF_RBF,VGG16+VGG19_n_feat,ReliefF,RBF,50176.0,63.2353,73.5294,78.2773,80.8824,82.3529,81.1765,82.6050,82.6050,86.9748,88.4033,88.4033,89.7059,85.1261,81.3880,8.9391,82.3529,76.4706,88.2353,94.1176,51.4286
VGG16+VGG19_n_feat_ReliefF_LinearSVM,VGG16+VGG19_n_feat,ReliefF,LinearSVM,50176.0,63.2353,72.0588,76.8067,80.8824,82.3529,81.1765,81.1765,75.3782,80.8824,79.7059,83.8235,83.8235,90.3697,78.5042,8.0865,79.4118,73.5294,82.8571,97.0588,51.4286
VGG16+VGG19_n_feat_ReliefF_MLP,VGG16+VGG19_n_feat,ReliefF,MLP,50176.0,66.1765,69.5798,76.8067,79.4118,76.4706,76.4706,79.4118,77.9412,77.9412,73.5294,77.1429,79.7059,73.1345,76.0525,6.6978,76.4706,73.0042,80.0000,88.5714,54.2857
VGG16+VGG19_n_feat_ReliefF_Logistic,VGG16+VGG19_n_feat,ReliefF,Logistic,50176.0,61.7647,72.0588,76.4706,80.8824,77.9412,81.1765,79.4118,78.2773,82.6050,82.3529,83.8235,85.2941,90.3697,78.5231,8.5725,79.4118,73.5294,82.8571,97.0588,51.4286
VGG16+VGG19_n_feat_ReliefF_RandomForest,VGG16+VGG19_n_feat,ReliefF,RandomForest,50176.0,66.1765,73.5294,77.9412,81.1765,82.6471,84.0756,86.9748,84.0756,88.2353,86.7647,84.0756,85.2941,88.3025,80.9335,8.5194,82.3529,76.4706,88.2353,97.0588,51.4286
VGG16+VGG19_n_feat_ReliefF_Adaboost,VGG16+VGG19_n_feat,ReliefF,Adaboost,50176.0,64.7059,73.5294,76.4706,77.9412,79.4118,80.8824,82.6050,79.7059,79.7059,77.9412,82.3529,79.7059,80.9916,77.4706,7.3653,79.4118,73.5294,82.3529,91.1765,51.4286
VGG16+VGG19_n_feat_ReliefF_Gaussian,VGG16+VGG19_n_feat,ReliefF,Gaussian,50176.0,63.2353,72.4790,77.9412,80.8824,81.1765,78.2773,78.2773,79.7479,84.0336,80.8824,83.8235,82.3529,70.4370,78.3375,8.9699,79.4118,73.5294,83.4664,94.1176,51.4286
